t,count,max,mean,min,stddev,p50,p75,p95,p98,p99,p999,mean_rate,m1_rate,m5_rate,m15_rate,rate_unit,duration_unit
1515104961,1,1.357000,1.357000,1.357000,0.000000,1.357000,1.357000,1.357000,1.357000,1.357000,1.357000,0.006126,0.015104,0.119301,0.168358,calls/second,seconds
1515158961,4,0.976000,0.900669,0.276000,0.128821,0.976000,0.976000,0.976000,0.976000,0.976000,0.976000,0.005212,0.000164,0.018415,0.087999,calls/second,seconds
1517224347,1,4.109000,4.109000,4.109000,0.000000,4.109000,4.109000,4.109000,4.109000,4.109000,4.109000,0.001497,0.000003,0.022161,0.096061,calls/second,seconds
1519235658,3,1.344000,0.717325,0.366000,0.409593,0.553000,1.344000,1.344000,1.344000,1.344000,1.344000,0.050512,0.103340,0.175082,0.191312,calls/second,seconds
1519237458,1,4.678000,4.678000,4.678000,0.000000,4.678000,4.678000,4.678000,4.678000,4.678000,4.678000,0.001639,0.000008,0.026620,0.102115,calls/second,seconds
1519264458,4,0.866000,0.528412,0.273000,0.134203,0.501000,0.684000,0.684000,0.866000,0.866000,0.866000,0.020785,0.029077,0.115893,0.165918,calls/second,seconds
