t,count,max,mean,min,stddev,p50,p75,p95,p98,p99,p999,mean_rate,m1_rate,m5_rate,m15_rate,rate_unit,duration_unit
1519237458,2,0.001000,0.000493,0.000000,0.000500,0.000000,0.001000,0.001000,0.001000,0.001000,0.001000,0.013590,0.038789,0.250836,0.342376,calls/second,seconds
1519241058,6,0.002000,0.000040,0.000000,0.000279,0.000000,0.000000,0.000000,0.000000,0.002000,0.002000,0.012317,0.000534,0.124807,0.354374,calls/second,seconds
1519241958,7,0.001000,0.000010,0.000000,0.000101,0.000000,0.000000,0.000000,0.000000,0.001000,0.001000,0.008670,0.000006,0.043491,0.248925,calls/second,seconds
1519242858,13,0.001000,0.000330,0.000000,0.000470,0.000000,0.001000,0.001000,0.001000,0.001000,0.001000,0.015121,0.044285,0.049759,0.241069,calls/second,seconds
1519243758,1,0.000000,0.000000,0.000000,0.000000,0.000000,0.000000,0.000000,0.000000,0.000000,0.000000,0.001268,0.000000,0.014855,0.084070,calls/second,seconds
