t,count,max,mean,min,stddev,p50,p75,p95,p98,p99,p999,mean_rate,m1_rate,m5_rate,m15_rate,rate_unit,duration_unit
1513705173,1,0.002000,0.002000,0.002000,0.000000,0.002000,0.002000,0.002000,0.002000,0.002000,0.002000,0.001379,0.000001,0.018144,0.089866,calls/second,seconds
1515094161,1,0.001000,0.001000,0.001000,0.000000,0.001000,0.001000,0.001000,0.001000,0.001000,0.001000,0.005454,0.010823,0.111607,0.164658,calls/second,seconds
1515100461,1,0.001000,0.001000,0.001000,0.000000,0.001000,0.001000,0.001000,0.001000,0.001000,0.001000,0.001380,0.000001,0.018449,0.090366,calls/second,seconds
1515154461,1,0.002000,0.002000,0.002000,0.000000,0.002000,0.002000,0.002000,0.002000,0.002000,0.002000,0.001836,0.000027,0.033615,0.110374,calls/second,seconds
1516971447,1,0.001000,0.001000,0.001000,0.000000,0.001000,0.001000,0.001000,0.001000,0.001000,0.001000,0.002034,0.000062,0.039712,0.116679,calls/second,seconds
1519235658,1,0.001000,0.001000,0.001000,0.000000,0.001000,0.001000,0.001000,0.001000,0.001000,0.001000,0.006720,0.019394,0.125418,0.171188,calls/second,seconds
1519249158,1,0.001000,0.001000,0.001000,0.000000,0.001000,0.001000,0.001000,0.001000,0.001000,0.001000,0.001514,0.000004,0.022533,0.096596,calls/second,seconds
1519388276,1,0.000000,0.000000,0.000000,0.000000,0.000000,0.000000,0.000000,0.000000,0.000000,0.000000,0.001245,0.000000,0.014130,0.082681,calls/second,seconds
