t,count,max,mean,min,stddev,p50,p75,p95,p98,p99,p999,mean_rate,m1_rate,m5_rate,m15_rate,rate_unit,duration_unit
1519241058,2,0.840000,0.361329,0.012000,0.408918,0.012000,0.840000,0.840000,0.840000,0.840000,0.840000,0.004951,0.000308,0.054553,0.129681,calls/second,seconds
1519243758,7,0.019000,0.013527,0.008000,0.004330,0.011000,0.019000,0.019000,0.019000,0.019000,0.019000,0.007783,0.000000,0.011457,0.076977,calls/second,seconds
