t,count,max,mean,min,stddev,p50,p75,p95,p98,p99,p999,mean_rate,m1_rate,m5_rate,m15_rate,rate_unit,duration_unit
1515104961,1,0.184000,0.184000,0.184000,0.000000,0.184000,0.184000,0.184000,0.184000,0.184000,0.184000,0.006084,0.015104,0.119301,0.168358,calls/second,seconds
1515158961,3,0.046000,0.008094,0.008000,0.001883,0.008000,0.008000,0.008000,0.008000,0.008000,0.046000,0.003907,0.000040,0.017179,0.087203,calls/second,seconds
1517224347,1,0.044000,0.044000,0.044000,0.000000,0.044000,0.044000,0.044000,0.044000,0.044000,0.044000,0.001489,0.000003,0.021794,0.095529,calls/second,seconds
1519235658,1,0.090000,0.090000,0.090000,0.000000,0.090000,0.090000,0.090000,0.090000,0.090000,0.090000,0.016586,0.079970,0.166498,0.188144,calls/second,seconds
1519237458,1,0.005000,0.005000,0.005000,0.000000,0.005000,0.005000,0.005000,0.005000,0.005000,0.005000,0.001628,0.000008,0.026620,0.102115,calls/second,seconds
1519264458,4,0.021000,0.006825,0.004000,0.005300,0.004000,0.007000,0.021000,0.021000,0.021000,0.021000,0.020776,0.028904,0.115857,0.165913,calls/second,seconds
