t,count,max,mean,min,stddev,p50,p75,p95,p98,p99,p999,mean_rate,m1_rate,m5_rate,m15_rate,rate_unit,duration_unit
1519237458,2,0.001000,0.000552,0.000000,0.000497,0.001000,0.001000,0.001000,0.001000,0.001000,0.001000,0.004731,0.000217,0.051005,0.126823,calls/second,seconds
1519241058,1,0.000000,0.000000,0.000000,0.000000,0.000000,0.000000,0.000000,0.000000,0.000000,0.000000,0.001612,0.000007,0.025747,0.100986,calls/second,seconds
1519241958,1,0.000000,0.000000,0.000000,0.000000,0.000000,0.000000,0.000000,0.000000,0.000000,0.000000,0.011901,0.057301,0.155760,0.184009,calls/second,seconds
1519242858,1,0.000000,0.000000,0.000000,0.000000,0.000000,0.000000,0.000000,0.000000,0.000000,0.000000,0.036462,0.143306,0.187101,0.195605,calls/second,seconds
1519662441,1,0.000000,0.000000,0.000000,0.000000,0.000000,0.000000,0.000000,0.000000,0.000000,0.000000,0.001924,0.000041,0.036537,0.113483,calls/second,seconds
