t,count,max,mean,min,stddev,p50,p75,p95,p98,p99,p999,mean_rate,m1_rate,m5_rate,m15_rate,rate_unit,duration_unit
1519237458,4,0.002000,0.000963,0.000000,0.000701,0.001000,0.001000,0.002000,0.002000,0.002000,0.002000,0.031364,0.059247,0.272710,0.352030,calls/second,seconds
1519241058,9,0.001000,0.000839,0.000000,0.000368,0.001000,0.001000,0.001000,0.001000,0.001000,0.001000,0.089683,0.158829,0.453282,0.546098,calls/second,seconds
1519241958,7,0.001000,0.000769,0.000000,0.000422,0.001000,0.001000,0.001000,0.001000,0.001000,0.001000,0.007891,0.000000,0.022381,0.152699,calls/second,seconds
1519242858,44,0.001000,0.000999,0.000000,0.000037,0.001000,0.001000,0.001000,0.001000,0.001000,0.001000,0.054118,0.040743,0.069134,0.270494,calls/second,seconds
