t,count,max,mean,min,stddev,p50,p75,p95,p98,p99,p999,mean_rate,m1_rate,m5_rate,m15_rate,rate_unit,duration_unit
1519241958,4,0.005000,0.002240,0.001000,0.001634,0.001000,0.002000,0.005000,0.005000,0.005000,0.005000,0.004939,0.000001,0.055587,0.328890,calls/second,seconds
1519242858,20,0.002000,0.001006,0.001000,0.000078,0.001000,0.001000,0.001000,0.001000,0.001000,0.002000,0.024639,0.000089,0.063243,0.336539,calls/second,seconds
