t,count,max,mean,min,stddev,p50,p75,p95,p98,p99,p999,mean_rate,m1_rate,m5_rate,m15_rate,rate_unit,duration_unit
1515104961,1,0.462000,0.462000,0.462000,0.000000,0.462000,0.462000,0.462000,0.462000,0.462000,0.462000,0.006120,0.015104,0.119301,0.168358,calls/second,seconds
1515158961,3,0.293000,0.226068,0.206000,0.003602,0.226000,0.226000,0.226000,0.226000,0.226000,0.293000,0.003909,0.000037,0.017163,0.087198,calls/second,seconds
1517224347,1,0.469000,0.469000,0.469000,0.000000,0.469000,0.469000,0.469000,0.469000,0.469000,0.469000,0.001490,0.000003,0.021794,0.095529,calls/second,seconds
1519235658,1,0.287000,0.287000,0.287000,0.000000,0.287000,0.287000,0.287000,0.287000,0.287000,0.287000,0.016681,0.086920,0.169296,0.189192,calls/second,seconds
1519237458,1,0.422000,0.422000,0.422000,0.000000,0.422000,0.422000,0.422000,0.422000,0.422000,0.422000,0.001630,0.000008,0.026620,0.102115,calls/second,seconds
1519264458,4,0.328000,0.185368,0.134000,0.083219,0.134000,0.326000,0.328000,0.328000,0.328000,0.328000,0.020820,0.029077,0.115893,0.165918,calls/second,seconds
