t,count,max,mean,min,stddev,p50,p75,p95,p98,p99,p999,mean_rate,m1_rate,m5_rate,m15_rate,rate_unit,duration_unit
1513089954,1,0.024000,0.024000,0.024000,0.000000,0.024000,0.024000,0.024000,0.024000,0.024000,0.024000,0.007552,0.024903,0.131848,0.174065,calls/second,seconds
1519237458,5,0.006000,0.003367,0.003000,0.000506,0.003000,0.004000,0.004000,0.004000,0.004000,0.006000,0.011643,0.006190,0.056729,0.129021,calls/second,seconds
1519242858,4,0.004000,0.003009,0.003000,0.000096,0.003000,0.003000,0.003000,0.003000,0.003000,0.004000,0.005012,0.000006,0.015655,0.084800,calls/second,seconds
1519662441,1,0.004000,0.004000,0.004000,0.000000,0.004000,0.004000,0.004000,0.004000,0.004000,0.004000,0.001891,0.000034,0.035339,0.112229,calls/second,seconds
