t,count,max,mean,min,stddev,p50,p75,p95,p98,p99,p999,mean_rate,m1_rate,m5_rate,m15_rate,rate_unit,duration_unit
1513089954,1,0.021000,0.021000,0.021000,0.000000,0.021000,0.021000,0.021000,0.021000,0.021000,0.021000,0.004575,0.006039,0.099317,0.158378,calls/second,seconds
