t,count,max,mean,min,stddev,p50,p75,p95,p98,p99,p999,mean_rate,m1_rate,m5_rate,m15_rate,rate_unit,duration_unit
1519241958,1,7.053000,7.053000,7.053000,0.000000,7.053000,7.053000,7.053000,7.053000,7.053000,7.053000,0.001281,0.000000,0.015104,0.084538,calls/second,seconds
1519242858,1,0.145000,0.145000,0.145000,0.000000,0.145000,0.145000,0.145000,0.145000,0.145000,0.145000,0.003146,0.001141,0.071164,0.141723,calls/second,seconds
1519243758,1,0.070000,0.070000,0.070000,0.000000,0.070000,0.070000,0.070000,0.070000,0.070000,0.070000,0.001268,0.000000,0.014855,0.084070,calls/second,seconds
