t,count,max,mean,min,stddev,p50,p75,p95,p98,p99,p999,mean_rate,m1_rate,m5_rate,m15_rate,rate_unit,duration_unit
1515158961,7,0.314000,0.124946,0.046000,0.021810,0.117000,0.137000,0.137000,0.137000,0.137000,0.314000,0.012479,0.000423,0.036720,0.112154,calls/second,seconds
1519235658,2,4.420000,2.004758,0.047000,2.174502,0.047000,4.420000,4.420000,4.420000,4.420000,4.420000,0.027239,0.074087,0.163792,0.187107,calls/second,seconds
