t,count,max,mean,min,stddev,p50,p75,p95,p98,p99,p999,mean_rate,m1_rate,m5_rate,m15_rate,rate_unit,duration_unit
1519237458,1,0.003000,0.003000,0.003000,0.000000,0.003000,0.003000,0.003000,0.003000,0.003000,0.003000,0.007929,0.027067,0.134064,0.175035,calls/second,seconds
1519242858,2,0.001000,0.001000,0.001000,0.000000,0.001000,0.001000,0.001000,0.001000,0.001000,0.001000,0.002515,0.000005,0.015024,0.083788,calls/second,seconds
