t,count,max,mean,min,stddev,p50,p75,p95,p98,p99,p999,mean_rate,m1_rate,m5_rate,m15_rate,rate_unit,duration_unit
1519242858,5,0.295000,0.084796,0.016000,0.116810,0.023000,0.023000,0.295000,0.295000,0.295000,0.295000,0.007548,0.000008,0.046247,0.194828,calls/second,seconds
