t,count,max,mean,min,stddev,p50,p75,p95,p98,p99,p999,mean_rate,m1_rate,m5_rate,m15_rate,rate_unit,duration_unit
1519237458,6,0.001000,0.000038,0.000000,0.000191,0.000000,0.000000,0.000000,0.001000,0.001000,0.001000,0.008933,0.000013,0.045657,0.193440,calls/second,seconds
1519241058,2,0.001000,0.000500,0.000000,0.000500,0.001000,0.001000,0.001000,0.001000,0.001000,0.001000,0.002968,0.000006,0.043589,0.191058,calls/second,seconds
1519241958,6,0.000000,0.000000,0.000000,0.000000,0.000000,0.000000,0.000000,0.000000,0.000000,0.000000,0.009667,0.035979,0.062464,0.206117,calls/second,seconds
1519242858,2,0.000000,0.000000,0.000000,0.000000,0.000000,0.000000,0.000000,0.000000,0.000000,0.000000,0.012256,0.030209,0.238602,0.336717,calls/second,seconds
1519373358,2,0.000000,0.000000,0.000000,0.000000,0.000000,0.000000,0.000000,0.000000,0.000000,0.000000,0.009534,0.014270,0.205367,0.320295,calls/second,seconds
1519380373,2,0.001000,0.000500,0.000000,0.000500,0.001000,0.001000,0.001000,0.001000,0.001000,0.001000,0.328315,0.400000,0.400000,0.400000,calls/second,seconds
1519662441,10,0.001000,0.000082,0.000000,0.000274,0.000000,0.000000,0.001000,0.001000,0.001000,0.001000,0.012693,0.000004,0.032618,0.172371,calls/second,seconds
