t,count,max,mean,min,stddev,p50,p75,p95,p98,p99,p999,mean_rate,m1_rate,m5_rate,m15_rate,rate_unit,duration_unit
1519237458,2,0.002000,0.000955,0.000000,0.000999,0.000000,0.002000,0.002000,0.002000,0.002000,0.002000,0.014951,0.027067,0.134064,0.175035,calls/second,seconds
1519242858,3,0.001000,0.000990,0.000000,0.000098,0.001000,0.001000,0.001000,0.001000,0.001000,0.001000,0.003762,0.000005,0.015339,0.084294,calls/second,seconds
