t,count,max,mean,min,stddev,p50,p75,p95,p98,p99,p999,mean_rate,m1_rate,m5_rate,m15_rate,rate_unit,duration_unit
1515104961,2,0.424000,0.271243,0.123000,0.150483,0.123000,0.424000,0.424000,0.424000,0.424000,0.424000,0.012149,0.030209,0.238602,0.336717,calls/second,seconds
1515158961,9,0.282000,0.105254,0.033000,0.024944,0.110000,0.121000,0.129000,0.129000,0.129000,0.129000,0.011712,0.000463,0.038131,0.176814,calls/second,seconds
1517224347,1,0.148000,0.148000,0.148000,0.000000,0.148000,0.148000,0.148000,0.148000,0.148000,0.148000,0.001488,0.000003,0.021794,0.095529,calls/second,seconds
1519235658,3,0.390000,0.270294,0.188000,0.081067,0.257000,0.390000,0.390000,0.390000,0.390000,0.390000,0.049381,0.095077,0.172189,0.190252,calls/second,seconds
1519237458,2,0.093000,0.083856,0.074000,0.009493,0.093000,0.093000,0.093000,0.093000,0.093000,0.093000,0.003252,0.000017,0.053239,0.204229,calls/second,seconds
1519264458,6,5.851000,0.683051,0.049000,1.660334,0.181000,0.181000,5.851000,5.851000,5.851000,5.851000,0.031036,0.042453,0.226373,0.329771,calls/second,seconds
