t,count,max,mean,min,stddev,p50,p75,p95,p98,p99,p999,mean_rate,m1_rate,m5_rate,m15_rate,rate_unit,duration_unit
1515158961,4,0.171000,0.053334,0.029000,0.014478,0.053000,0.053000,0.053000,0.053000,0.171000,0.171000,0.007380,0.000267,0.036397,0.112519,calls/second,seconds
1519235658,1,0.079000,0.079000,0.079000,0.000000,0.079000,0.079000,0.079000,0.079000,0.079000,0.079000,0.019034,0.094473,0.172142,0.190246,calls/second,seconds
