t,count,max,mean,min,stddev,p50,p75,p95,p98,p99,p999,mean_rate,m1_rate,m5_rate,m15_rate,rate_unit,duration_unit
1515104961,1,0.047000,0.047000,0.047000,0.000000,0.047000,0.047000,0.047000,0.047000,0.047000,0.047000,0.006037,0.013897,0.117329,0.167426,calls/second,seconds
1515158961,7,0.101000,0.060444,0.039000,0.013057,0.058000,0.075000,0.081000,0.081000,0.081000,0.081000,0.009104,0.000287,0.021424,0.090234,calls/second,seconds
