t,count,max,mean,min,stddev,p50,p75,p95,p98,p99,p999,mean_rate,m1_rate,m5_rate,m15_rate,rate_unit,duration_unit
1519381976,4,0.001000,0.000005,0.000000,0.000070,0.000000,0.000000,0.000000,0.000000,0.000000,0.001000,0.005844,0.000080,0.043903,0.190355,calls/second,seconds
1519386476,1,0.000000,0.000000,0.000000,0.000000,0.000000,0.000000,0.000000,0.000000,0.000000,0.000000,0.004235,0.004327,0.092912,0.154897,calls/second,seconds
1519390076,1,0.000000,0.000000,0.000000,0.000000,0.000000,0.000000,0.000000,0.000000,0.000000,0.000000,0.001198,0.000000,0.012786,0.079970,calls/second,seconds
