t,count,max,mean,min,stddev,p50,p75,p95,p98,p99,p999,mean_rate,m1_rate,m5_rate,m15_rate,rate_unit,duration_unit
1516978647,1,12.321000,12.321000,12.321000,0.000000,12.321000,12.321000,12.321000,12.321000,12.321000,12.321000,0.001201,0.000000,0.012786,0.079970,calls/second,seconds
1518476958,1,15.589000,15.589000,15.589000,0.000000,15.589000,15.589000,15.589000,15.589000,15.589000,15.589000,0.001189,0.000000,0.012366,0.079086,calls/second,seconds
1518548958,1,10.129000,10.129000,10.129000,0.000000,10.129000,10.129000,10.129000,10.129000,10.129000,10.129000,0.001181,0.000000,0.012162,0.078648,calls/second,seconds
1519322958,1,22.975000,22.975000,22.975000,0.000000,22.975000,22.975000,22.975000,22.975000,22.975000,22.975000,0.001252,0.000000,0.014368,0.083141,calls/second,seconds
