t,count,max,mean,min,stddev,p50,p75,p95,p98,p99,p999,mean_rate,m1_rate,m5_rate,m15_rate,rate_unit,duration_unit
1519661541,94,0.025000,0.018046,0.017000,0.000774,0.018000,0.019000,0.019000,0.019000,0.020000,0.020000,0.139615,0.018928,0.481787,1.955558,calls/second,seconds
1519662441,8,0.020000,0.017812,0.017000,0.000545,0.018000,0.018000,0.018000,0.019000,0.020000,0.020000,0.009720,0.000002,0.015562,0.084446,calls/second,seconds
