t,count,max,mean,min,stddev,p50,p75,p95,p98,p99,p999,mean_rate,m1_rate,m5_rate,m15_rate,rate_unit,duration_unit
1513089954,1,34.322000,34.322000,34.322000,0.000000,34.322000,34.322000,34.322000,34.322000,34.322000,34.322000,0.001317,0.000001,0.016417,0.086920,calls/second,seconds
