t,count,max,mean,min,stddev,p50,p75,p95,p98,p99,p999,mean_rate,m1_rate,m5_rate,m15_rate,rate_unit,duration_unit
1513089954,1,120.098000,120.098000,120.098000,0.000000,120.098000,120.098000,120.098000,120.098000,120.098000,120.098000,0.001476,0.000003,0.021434,0.095000,calls/second,seconds
