t,count,max,mean,min,stddev,p50,p75,p95,p98,p99,p999,mean_rate,m1_rate,m5_rate,m15_rate,rate_unit,duration_unit
1516971447,24,0.011000,0.005778,0.003000,0.001923,0.006000,0.007000,0.009000,0.011000,0.011000,0.011000,0.046124,0.000597,0.544632,1.698539,calls/second,seconds
1517224347,17,0.015000,0.006506,0.004000,0.002951,0.005000,0.008000,0.015000,0.015000,0.015000,0.015000,0.025022,0.000007,0.027198,0.103468,calls/second,seconds
