t,count,max,mean,min,stddev,p50,p75,p95,p98,p99,p999,mean_rate,m1_rate,m5_rate,m15_rate,rate_unit,duration_unit
1515771697,1,16.608000,16.608000,16.608000,0.000000,16.608000,16.608000,16.608000,16.608000,16.608000,16.608000,0.003941,0.003370,0.088380,0.152337,calls/second,seconds
