t,count,max,mean,min,stddev,p50,p75,p95,p98,p99,p999,mean_rate,m1_rate,m5_rate,m15_rate,rate_unit,duration_unit
1513705173,1,0.010000,0.010000,0.010000,0.000000,0.010000,0.010000,0.010000,0.010000,0.010000,0.010000,0.001389,0.000001,0.018759,0.090870,calls/second,seconds
1513708773,8,2.737000,0.471771,0.006000,0.890096,0.014000,0.502000,2.737000,2.737000,2.737000,2.737000,0.012652,0.000048,0.199223,0.798963,calls/second,seconds
