t,count,max,mean,min,stddev,p50,p75,p95,p98,p99,p999,mean_rate,m1_rate,m5_rate,m15_rate,rate_unit,duration_unit
1519377673,1,0.351000,0.351000,0.351000,0.000000,0.351000,0.351000,0.351000,0.351000,0.351000,0.351000,0.001598,0.000007,0.025321,0.100427,calls/second,seconds
1519380373,5,0.342000,0.195917,0.188000,0.026151,0.191000,0.191000,0.235000,0.342000,0.342000,0.342000,0.010333,0.004050,0.047628,0.121457,calls/second,seconds
