t,count,max,mean,min,stddev,p50,p75,p95,p98,p99,p999,mean_rate,m1_rate,m5_rate,m15_rate,rate_unit,duration_unit
1519237458,4,0.001000,0.000171,0.000000,0.000377,0.000000,0.000000,0.001000,0.001000,0.001000,0.001000,0.009384,0.000420,0.100475,0.252281,calls/second,seconds
