t,count,max,mean,min,stddev,p50,p75,p95,p98,p99,p999,mean_rate,m1_rate,m5_rate,m15_rate,rate_unit,duration_unit
1516971447,2,0.002000,0.001515,0.001000,0.000500,0.002000,0.002000,0.002000,0.002000,0.002000,0.002000,0.003839,0.000075,0.071866,0.225708,calls/second,seconds
1517223447,1,0.000000,0.000000,0.000000,0.000000,0.000000,0.000000,0.000000,0.000000,0.000000,0.000000,0.003843,0.002853,0.085483,0.150654,calls/second,seconds
