t,count,max,mean,min,stddev,p50,p75,p95,p98,p99,p999,mean_rate,m1_rate,m5_rate,m15_rate,rate_unit,duration_unit
1518701058,9,5.195000,0.809583,0.001000,1.618529,0.215000,0.546000,5.195000,5.195000,5.195000,5.195000,0.015024,0.000067,0.169318,0.624720,calls/second,seconds
1519235658,39,16.242000,0.395718,0.001000,2.039047,0.055000,0.109000,0.335000,4.047000,16.242000,16.242000,0.335059,0.257131,0.240957,0.216301,calls/second,seconds
1519237458,12,1.176000,0.216214,0.001000,0.303295,0.158000,0.217000,1.176000,1.176000,1.176000,1.176000,0.019481,0.000092,0.314156,1.218586,calls/second,seconds
1519249158,1,1.608000,1.608000,1.608000,0.000000,1.608000,1.608000,1.608000,1.608000,1.608000,1.608000,0.001515,0.000004,0.022533,0.096596,calls/second,seconds
1519264458,69,8.157000,0.372921,0.001000,1.187596,0.068000,0.146000,3.297000,5.611000,5.982000,8.157000,0.353680,0.435778,2.453000,3.609886,calls/second,seconds
1519265358,2,0.032000,0.017000,0.002000,0.015000,0.032000,0.032000,0.032000,0.032000,0.032000,0.032000,0.002229,0.000000,0.020590,0.148796,calls/second,seconds
