t,count,max,mean,min,stddev,p50,p75,p95,p98,p99,p999,mean_rate,m1_rate,m5_rate,m15_rate,rate_unit,duration_unit
1519233858,3,2.429000,1.203177,0.251000,0.891905,1.608000,1.608000,2.429000,2.429000,2.429000,2.429000,0.005841,0.000056,0.038509,0.115422,calls/second,seconds
1519258158,3,1.520000,0.920764,0.299000,0.550258,1.207000,1.520000,1.520000,1.520000,1.520000,1.520000,0.004851,0.000010,0.027121,0.102706,calls/second,seconds
1519259058,3,1.592000,0.912374,0.353000,0.532362,0.994000,1.592000,1.592000,1.592000,1.592000,1.592000,0.003494,0.000000,0.012183,0.078663,calls/second,seconds
1519263558,3,1.500000,0.798121,0.196000,0.572303,0.984000,1.500000,1.500000,1.500000,1.500000,1.500000,0.005248,0.000021,0.031528,0.107978,calls/second,seconds
1519314858,3,1.981000,1.051670,0.322000,0.713972,1.068000,1.981000,1.981000,1.981000,1.981000,1.981000,0.006968,0.000209,0.050248,0.126144,calls/second,seconds
