t,count,max,mean,min,stddev,p50,p75,p95,p98,p99,p999,mean_rate,m1_rate,m5_rate,m15_rate,rate_unit,duration_unit
1516971447,1,0.439000,0.439000,0.439000,0.000000,0.439000,0.439000,0.439000,0.439000,0.439000,0.439000,0.001949,0.000044,0.037151,0.114115,calls/second,seconds
1517223447,1,0.149000,0.149000,0.149000,0.000000,0.149000,0.149000,0.149000,0.149000,0.149000,0.149000,0.003934,0.003370,0.088380,0.152337,calls/second,seconds
1517224347,1,0.010000,0.010000,0.010000,0.000000,0.010000,0.010000,0.010000,0.010000,0.010000,0.010000,0.001489,0.000003,0.021794,0.095529,calls/second,seconds
