t,count,max,mean,min,stddev,p50,p75,p95,p98,p99,p999,mean_rate,m1_rate,m5_rate,m15_rate,rate_unit,duration_unit
1519241058,1,13.883000,13.883000,13.883000,0.000000,13.883000,13.883000,13.883000,13.883000,13.883000,13.883000,0.001996,0.000052,0.038410,0.115390,calls/second,seconds
