t,count,max,mean,min,stddev,p50,p75,p95,p98,p99,p999,mean_rate,m1_rate,m5_rate,m15_rate,rate_unit,duration_unit
1513703373,2,0.008000,0.007001,0.007000,0.000025,0.007000,0.007000,0.007000,0.007000,0.007000,0.007000,0.003459,0.004230,0.032446,0.107178,calls/second,seconds
1513818573,3,0.009000,0.006977,0.006000,0.000154,0.007000,0.007000,0.007000,0.007000,0.007000,0.007000,0.003957,0.000580,0.018852,0.088479,calls/second,seconds
