t,count,max,mean,min,stddev,p50,p75,p95,p98,p99,p999,mean_rate,m1_rate,m5_rate,m15_rate,rate_unit,duration_unit
1513089954,6405,13.345000,0.099773,0.000000,1.147421,0.000000,0.000000,0.001000,0.001000,0.034000,13.345000,7.996140,0.004114,7.202821,30.203406,calls/second,seconds
