t,count,max,mean,min,stddev,p50,p75,p95,p98,p99,p999,mean_rate,m1_rate,m5_rate,m15_rate,rate_unit,duration_unit
1519249158,1,0.001000,0.001000,0.001000,0.000000,0.001000,0.001000,0.001000,0.001000,0.001000,0.001000,0.001511,0.000004,0.022533,0.096596,calls/second,seconds
1519264458,93,0.002000,0.000401,0.000000,0.000495,0.000000,0.001000,0.001000,0.001000,0.001000,0.002000,0.342567,0.380472,0.293988,0.238806,calls/second,seconds
1519265358,3,0.000000,0.000000,0.000000,0.000000,0.000000,0.000000,0.000000,0.000000,0.000000,0.000000,0.003343,0.000000,0.030885,0.223194,calls/second,seconds
