t,count,max,mean,min,stddev,p50,p75,p95,p98,p99,p999,mean_rate,m1_rate,m5_rate,m15_rate,rate_unit,duration_unit
1513089954,1,0.094000,0.094000,0.094000,0.000000,0.094000,0.094000,0.094000,0.094000,0.094000,0.094000,0.001172,0.000000,0.011961,0.078212,calls/second,seconds
