t,count,max,mean,min,stddev,p50,p75,p95,p98,p99,p999,mean_rate,m1_rate,m5_rate,m15_rate,rate_unit,duration_unit
1518701058,2,0.000000,0.000000,0.000000,0.000000,0.000000,0.000000,0.000000,0.000000,0.000000,0.000000,0.003381,0.000023,0.056910,0.208818,calls/second,seconds
1519235658,6,0.000000,0.000000,0.000000,0.000000,0.000000,0.000000,0.000000,0.000000,0.000000,0.000000,0.063378,0.123934,0.312412,0.368132,calls/second,seconds
1519237458,2,0.000000,0.000000,0.000000,0.000000,0.000000,0.000000,0.000000,0.000000,0.000000,0.000000,0.003211,0.000014,0.051494,0.201972,calls/second,seconds
1519243758,2,0.000000,0.000000,0.000000,0.000000,0.000000,0.000000,0.000000,0.000000,0.000000,0.000000,0.003077,0.000009,0.047377,0.196439,calls/second,seconds
1519264458,8,0.001000,0.000008,0.000000,0.000091,0.000000,0.000000,0.000000,0.000000,0.000000,0.001000,0.030143,0.040035,0.183147,0.305668,calls/second,seconds
1519265358,1,0.000000,0.000000,0.000000,0.000000,0.000000,0.000000,0.000000,0.000000,0.000000,0.000000,0.001115,0.000000,0.010295,0.074398,calls/second,seconds
