t,count,max,mean,min,stddev,p50,p75,p95,p98,p99,p999,mean_rate,m1_rate,m5_rate,m15_rate,rate_unit,duration_unit
1519664145,14,0.002000,0.000639,0.000000,0.000717,0.000000,0.001000,0.002000,0.002000,0.002000,0.002000,0.024126,0.000193,0.411870,1.478060,calls/second,seconds
