t,count,max,mean,min,stddev,p50,p75,p95,p98,p99,p999,mean_rate,m1_rate,m5_rate,m15_rate,rate_unit,duration_unit
1515104961,1,0.231000,0.231000,0.231000,0.000000,0.231000,0.231000,0.231000,0.231000,0.231000,0.231000,0.005842,0.012786,0.115390,0.166498,calls/second,seconds
1515158061,1,0.763000,0.763000,0.763000,0.000000,0.763000,0.763000,0.763000,0.763000,0.763000,0.763000,0.017925,0.086920,0.169296,0.189192,calls/second,seconds
1515158961,2,0.988000,0.054875,0.053000,0.041827,0.053000,0.053000,0.053000,0.053000,0.053000,0.988000,0.002561,0.000037,0.016084,0.085277,calls/second,seconds
