t,count,max,mean,min,stddev,p50,p75,p95,p98,p99,p999,mean_rate,m1_rate,m5_rate,m15_rate,rate_unit,duration_unit
1519241058,4,0.028000,0.027973,0.024000,0.000310,0.028000,0.028000,0.028000,0.028000,0.028000,0.028000,0.006430,0.000252,0.053968,0.203569,calls/second,seconds
1519241958,2,0.023000,0.022507,0.022000,0.000500,0.023000,0.023000,0.023000,0.023000,0.023000,0.023000,0.003560,0.000038,0.062895,0.215896,calls/second,seconds
1519242858,2,0.033000,0.027582,0.022000,0.005499,0.033000,0.033000,0.033000,0.033000,0.033000,0.033000,0.002321,0.000000,0.023138,0.154696,calls/second,seconds
