t,count,max,mean,min,stddev,p50,p75,p95,p98,p99,p999,mean_rate,m1_rate,m5_rate,m15_rate,rate_unit,duration_unit
1518701058,30,0.001000,0.000100,0.000000,0.000299,0.000000,0.000000,0.001000,0.001000,0.001000,0.001000,0.049128,0.000251,0.798590,3.063436,calls/second,seconds
1519234758,17,0.001000,0.000118,0.000000,0.000322,0.000000,0.000000,0.001000,0.001000,0.001000,0.001000,0.042862,0.005112,0.926608,2.204371,calls/second,seconds
1519235658,8,0.000000,0.000000,0.000000,0.000000,0.000000,0.000000,0.000000,0.000000,0.000000,0.000000,0.061612,0.070803,0.153237,0.182320,calls/second,seconds
1519237458,7,0.001000,0.000284,0.000000,0.000451,0.000000,0.001000,0.001000,0.001000,0.001000,0.001000,0.011342,0.000054,0.183258,0.710842,calls/second,seconds
1519254558,17,0.001000,0.000059,0.000000,0.000235,0.000000,0.000000,0.001000,0.001000,0.001000,0.001000,0.025205,0.000052,0.370504,1.623991,calls/second,seconds
1519264458,23,0.001000,0.000041,0.000000,0.000199,0.000000,0.000000,0.000000,0.001000,0.001000,0.001000,0.113123,0.114350,0.156600,0.182743,calls/second,seconds
