t,count,max,mean,min,stddev,p50,p75,p95,p98,p99,p999,mean_rate,m1_rate,m5_rate,m15_rate,rate_unit,duration_unit
1519664145,94,0.001000,0.000007,0.000000,0.000083,0.000000,0.000000,0.000000,0.000000,0.000000,0.001000,0.131893,0.014039,0.425603,1.872080,calls/second,seconds
