t,count,max,mean,min,stddev,p50,p75,p95,p98,p99,p999,mean_rate,m1_rate,m5_rate,m15_rate,rate_unit,duration_unit
1519235658,1,0.000000,0.000000,0.000000,0.000000,0.000000,0.000000,0.000000,0.000000,0.000000,0.000000,0.020507,0.102683,0.175035,0.191306,calls/second,seconds
1519237458,2,0.000000,0.000000,0.000000,0.000000,0.000000,0.000000,0.000000,0.000000,0.000000,0.000000,0.003156,0.000012,0.049806,0.199741,calls/second,seconds
1519243758,2,0.001000,0.000500,0.000000,0.000500,0.001000,0.001000,0.001000,0.001000,0.001000,0.001000,0.003038,0.000008,0.045824,0.194269,calls/second,seconds
1519264458,4,0.001000,0.000494,0.000000,0.000500,0.000000,0.001000,0.001000,0.001000,0.001000,0.001000,0.012187,0.021329,0.143644,0.282457,calls/second,seconds
