t,count,max,mean,min,stddev,p50,p75,p95,p98,p99,p999,mean_rate,m1_rate,m5_rate,m15_rate,rate_unit,duration_unit
1516041169,13,0.002000,0.000462,0.000000,0.000634,0.000000,0.001000,0.002000,0.002000,0.002000,0.002000,0.015861,0.000004,0.174734,1.057081,calls/second,seconds
