t,count,max,mean,min,stddev,p50,p75,p95,p98,p99,p999,mean_rate,m1_rate,m5_rate,m15_rate,rate_unit,duration_unit
1515104961,1,0.001000,0.001000,0.001000,0.000000,0.001000,0.001000,0.001000,0.001000,0.001000,0.001000,0.004480,0.005557,0.097675,0.157500,calls/second,seconds
1515116661,1,0.000000,0.000000,0.000000,0.000000,0.000000,0.000000,0.000000,0.000000,0.000000,0.000000,0.004073,0.003663,0.089866,0.153186,calls/second,seconds
1515158961,1,0.000000,0.000000,0.000000,0.000000,0.000000,0.000000,0.000000,0.000000,0.000000,0.000000,0.001805,0.000023,0.032513,0.109154,calls/second,seconds
1515159861,1,0.000000,0.000000,0.000000,0.000000,0.000000,0.000000,0.000000,0.000000,0.000000,0.000000,0.003941,0.003370,0.088380,0.152337,calls/second,seconds
1515169761,1,0.001000,0.001000,0.001000,0.000000,0.001000,0.001000,0.001000,0.001000,0.001000,0.001000,0.001657,0.000010,0.027522,0.103255,calls/second,seconds
1515170661,6,0.001000,0.000121,0.000000,0.000326,0.000000,0.000000,0.001000,0.001000,0.001000,0.001000,0.012277,0.009523,0.049960,0.121869,calls/second,seconds
1515194961,1,0.000000,0.000000,0.000000,0.000000,0.000000,0.000000,0.000000,0.000000,0.000000,0.000000,0.003539,0.002044,0.079970,0.147343,calls/second,seconds
1515195861,1,0.000000,0.000000,0.000000,0.000000,0.000000,0.000000,0.000000,0.000000,0.000000,0.000000,0.001262,0.000000,0.014609,0.083604,calls/second,seconds
1519316658,3,0.000000,0.000000,0.000000,0.000000,0.000000,0.000000,0.000000,0.000000,0.000000,0.000000,0.003714,0.000000,0.014409,0.083167,calls/second,seconds
