t,count,max,mean,min,stddev,p50,p75,p95,p98,p99,p999,mean_rate,m1_rate,m5_rate,m15_rate,rate_unit,duration_unit
1513089954,4,18.216000,13.414000,10.108000,3.152582,15.486000,15.989000,18.216000,18.216000,18.216000,18.216000,0.018259,0.010902,0.105442,0.161204,calls/second,seconds
