t,count,max,mean,min,stddev,p50,p75,p95,p98,p99,p999,mean_rate,m1_rate,m5_rate,m15_rate,rate_unit,duration_unit
1518701058,60,0.001000,0.000100,0.000000,0.000300,0.000000,0.000000,0.001000,0.001000,0.001000,0.001000,0.098354,0.000501,1.597181,6.126873,calls/second,seconds
1519234758,8,0.000000,0.000000,0.000000,0.000000,0.000000,0.000000,0.000000,0.000000,0.000000,0.000000,0.020210,0.002406,0.436051,1.037351,calls/second,seconds
1519235658,3,0.016000,0.005667,0.000000,0.007318,0.001000,0.016000,0.016000,0.016000,0.016000,0.016000,0.023093,0.081201,0.402192,0.525104,calls/second,seconds
1519254558,8,0.001000,0.000125,0.000000,0.000331,0.000000,0.000000,0.001000,0.001000,0.001000,0.001000,0.011868,0.000025,0.174355,0.764231,calls/second,seconds
