t,count,max,mean,min,stddev,p50,p75,p95,p98,p99,p999,mean_rate,m1_rate,m5_rate,m15_rate,rate_unit,duration_unit
1519235658,2,0.553000,0.459500,0.366000,0.093500,0.553000,0.553000,0.553000,0.553000,0.553000,0.553000,0.043310,0.205367,0.350069,0.382611,calls/second,seconds
1519237458,1,4.675000,4.675000,4.675000,0.000000,4.675000,4.675000,4.675000,4.675000,4.675000,4.675000,0.001638,0.000008,0.026620,0.102115,calls/second,seconds
1519264458,3,0.865000,0.561441,0.501000,0.102654,0.501000,0.682000,0.682000,0.865000,0.865000,0.865000,0.015583,0.026913,0.113677,0.164949,calls/second,seconds
