t,count,max,mean,min,stddev,p50,p75,p95,p98,p99,p999,mean_rate,m1_rate,m5_rate,m15_rate,rate_unit,duration_unit
1515104061,1,0.555000,0.555000,0.555000,0.000000,0.555000,0.555000,0.555000,0.555000,0.555000,0.555000,0.001502,0.000003,0.022161,0.096061,calls/second,seconds
1519241058,1,0.359000,0.359000,0.359000,0.000000,0.359000,0.359000,0.359000,0.359000,0.359000,0.359000,0.003062,0.000966,0.068831,0.140157,calls/second,seconds
