t,count,max,mean,min,stddev,p50,p75,p95,p98,p99,p999,mean_rate,m1_rate,m5_rate,m15_rate,rate_unit,duration_unit
1519232958,6,0.001000,0.000291,0.000000,0.000454,0.000000,0.001000,0.001000,0.001000,0.001000,0.001000,0.026762,0.018381,0.298118,0.475163,calls/second,seconds
1519233858,21,0.001000,0.000278,0.000000,0.000448,0.000000,0.001000,0.001000,0.001000,0.001000,0.001000,0.039031,0.000176,0.114248,0.344561,calls/second,seconds
1519258158,21,0.004000,0.000308,0.000000,0.000748,0.000000,0.000000,0.001000,0.004000,0.004000,0.004000,0.032982,0.000031,0.081627,0.308231,calls/second,seconds
1519259058,21,0.001000,0.000141,0.000000,0.000348,0.000000,0.000000,0.001000,0.001000,0.001000,0.001000,0.023685,0.000001,0.035554,0.233532,calls/second,seconds
1519263558,21,0.001000,0.000153,0.000000,0.000360,0.000000,0.000000,0.001000,0.001000,0.001000,0.001000,0.035656,0.000072,0.096464,0.325850,calls/second,seconds
1519314858,21,0.001000,0.000103,0.000000,0.000304,0.000000,0.000000,0.001000,0.001000,0.001000,0.001000,0.046411,0.000690,0.151403,0.378618,calls/second,seconds
1519316658,12,0.001000,0.000465,0.000000,0.000499,0.000000,0.001000,0.001000,0.001000,0.001000,0.001000,0.014774,0.000001,0.043213,0.249493,calls/second,seconds
