t,count,max,mean,min,stddev,p50,p75,p95,p98,p99,p999,mean_rate,m1_rate,m5_rate,m15_rate,rate_unit,duration_unit
1519241058,115,0.001000,0.000000,0.000000,0.000003,0.000000,0.000000,0.000000,0.000000,0.000000,0.000000,0.170644,0.271603,0.455589,1.418448,calls/second,seconds
1519241958,117,0.001000,0.000000,0.000000,0.000001,0.000000,0.000000,0.000000,0.000000,0.000000,0.000000,0.131540,0.006826,0.120685,0.508248,calls/second,seconds
1519242858,249,0.001000,0.000058,0.000000,0.000234,0.000000,0.000000,0.001000,0.001000,0.001000,0.001000,0.285614,0.003805,0.147486,0.294203,calls/second,seconds
1519662441,14,0.000000,0.000000,0.000000,0.000000,0.000000,0.000000,0.000000,0.000000,0.000000,0.000000,0.018475,0.000010,0.229838,1.216875,calls/second,seconds
