t,count,max,mean,min,stddev,p50,p75,p95,p98,p99,p999,mean_rate,m1_rate,m5_rate,m15_rate,rate_unit,duration_unit
1513089954,27,0.001000,0.000021,0.000000,0.000144,0.000000,0.000000,0.000000,0.001000,0.001000,0.001000,0.143643,0.099035,0.703426,1.002583,calls/second,seconds
