t,count,max,mean,min,stddev,p50,p75,p95,p98,p99,p999,mean_rate,m1_rate,m5_rate,m15_rate,rate_unit,duration_unit
1519241058,2,0.001000,0.000375,0.000000,0.000484,0.000000,0.001000,0.001000,0.001000,0.001000,0.001000,0.028856,0.083275,0.166737,0.188173,calls/second,seconds
1519241958,2,0.000000,0.000000,0.000000,0.000000,0.000000,0.000000,0.000000,0.000000,0.000000,0.000000,0.002393,0.000000,0.025148,0.159054,calls/second,seconds
1519242858,3,0.001000,0.000344,0.000000,0.000475,0.000000,0.001000,0.001000,0.001000,0.001000,0.001000,0.006588,0.000133,0.046177,0.122673,calls/second,seconds
