t,count,max,mean,min,stddev,p50,p75,p95,p98,p99,p999,mean_rate,m1_rate,m5_rate,m15_rate,rate_unit,duration_unit
1519241958,1,0.013000,0.013000,0.013000,0.000000,0.013000,0.013000,0.013000,0.013000,0.013000,0.013000,0.012200,0.057301,0.155760,0.184009,calls/second,seconds
1519242858,1,0.013000,0.013000,0.013000,0.000000,0.013000,0.013000,0.013000,0.013000,0.013000,0.013000,0.039077,0.143306,0.187101,0.195605,calls/second,seconds
