t,count,max,mean,min,stddev,p50,p75,p95,p98,p99,p999,mean_rate,m1_rate,m5_rate,m15_rate,rate_unit,duration_unit
1519237458,4,0.001000,0.000493,0.000000,0.000500,0.000000,0.001000,0.001000,0.001000,0.001000,0.001000,0.031308,0.059247,0.272710,0.352030,calls/second,seconds
