t,count,max,mean,min,stddev,p50,p75,p95,p98,p99,p999,mean_rate,m1_rate,m5_rate,m15_rate,rate_unit,duration_unit
1516978647,1,12.831000,12.831000,12.831000,0.000000,12.831000,12.831000,12.831000,12.831000,12.831000,12.831000,0.001201,0.000000,0.012786,0.079970,calls/second,seconds
1518476958,1,15.713000,15.713000,15.713000,0.000000,15.713000,15.713000,15.713000,15.713000,15.713000,15.713000,0.001189,0.000000,0.012366,0.079086,calls/second,seconds
1518548958,1,10.251000,10.251000,10.251000,0.000000,10.251000,10.251000,10.251000,10.251000,10.251000,10.251000,0.001182,0.000000,0.012162,0.078648,calls/second,seconds
1518732558,1,10.669000,10.669000,10.669000,0.000000,10.669000,10.669000,10.669000,10.669000,10.669000,10.669000,0.001182,0.000000,0.012162,0.078648,calls/second,seconds
1518815358,1,13.513000,13.513000,13.513000,0.000000,13.513000,13.513000,13.513000,13.513000,13.513000,13.513000,0.001161,0.000000,0.011569,0.077348,calls/second,seconds
1519322958,1,36.727000,36.727000,36.727000,0.000000,36.727000,36.727000,36.727000,36.727000,36.727000,36.727000,0.001264,0.000000,0.014609,0.083604,calls/second,seconds
