t,count,max,mean,min,stddev,p50,p75,p95,p98,p99,p999,mean_rate,m1_rate,m5_rate,m15_rate,rate_unit,duration_unit
1518701058,9,0.001000,0.000219,0.000000,0.000414,0.000000,0.000000,0.001000,0.001000,0.001000,0.001000,0.015014,0.000077,0.196832,0.727972,calls/second,seconds
1519235658,42,0.001000,0.000054,0.000000,0.000226,0.000000,0.000000,0.001000,0.001000,0.001000,0.001000,0.358008,0.306882,0.385556,0.395439,calls/second,seconds
1519237458,15,0.001000,0.000067,0.000000,0.000250,0.000000,0.000000,0.001000,0.001000,0.001000,0.001000,0.023897,0.000015,0.031379,0.108303,calls/second,seconds
1519243758,1,0.000000,0.000000,0.000000,0.000000,0.000000,0.000000,0.000000,0.000000,0.000000,0.000000,0.001530,0.000004,0.023297,0.097675,calls/second,seconds
1519249158,1,0.000000,0.000000,0.000000,0.000000,0.000000,0.000000,0.000000,0.000000,0.000000,0.000000,0.001511,0.000004,0.022533,0.096596,calls/second,seconds
1519264458,81,0.001000,0.000050,0.000000,0.000217,0.000000,0.000000,0.000000,0.001000,0.001000,0.001000,0.298354,0.319041,0.264930,0.226882,calls/second,seconds
1519265358,3,0.000000,0.000000,0.000000,0.000000,0.000000,0.000000,0.000000,0.000000,0.000000,0.000000,0.003343,0.000000,0.030885,0.223194,calls/second,seconds
