t,count,max,mean,min,stddev,p50,p75,p95,p98,p99,p999,mean_rate,m1_rate,m5_rate,m15_rate,rate_unit,duration_unit
1519241958,2,0.001000,0.000485,0.000000,0.000500,0.000000,0.001000,0.001000,0.001000,0.001000,0.001000,0.021881,0.097008,0.301307,0.363951,calls/second,seconds
1519242858,2,0.000000,0.000000,0.000000,0.000000,0.000000,0.000000,0.000000,0.000000,0.000000,0.000000,0.035345,0.094473,0.172142,0.190246,calls/second,seconds
