t,count,max,mean,min,stddev,p50,p75,p95,p98,p99,p999,mean_rate,m1_rate,m5_rate,m15_rate,rate_unit,duration_unit
1519661541,19,22.358000,8.890599,0.328000,4.556247,11.327000,11.377000,11.377000,11.377000,11.377000,22.358000,0.028645,0.018810,0.043822,0.110014,calls/second,seconds
1519662441,8,1.160000,0.893681,0.374000,0.196719,0.920000,1.160000,1.160000,1.160000,1.160000,1.160000,0.009720,0.000002,0.015562,0.084446,calls/second,seconds
