t,count,max,mean,min,stddev,p50,p75,p95,p98,p99,p999,mean_rate,m1_rate,m5_rate,m15_rate,rate_unit,duration_unit
1515781585,12,0.010000,0.007045,0.005000,0.001255,0.008000,0.008000,0.008000,0.008000,0.010000,0.010000,0.038306,0.014222,0.161589,0.293789,calls/second,seconds
