t,count,max,mean,min,stddev,p50,p75,p95,p98,p99,p999,mean_rate,m1_rate,m5_rate,m15_rate,rate_unit,duration_unit
1519241058,4,0.000000,0.000000,0.000000,0.000000,0.000000,0.000000,0.000000,0.000000,0.000000,0.000000,0.006342,0.024920,0.056095,0.201920,calls/second,seconds
1519241958,4,0.000000,0.000000,0.000000,0.000000,0.000000,0.000000,0.000000,0.000000,0.000000,0.000000,0.007073,0.000455,0.064634,0.216360,calls/second,seconds
1519242858,8,0.001000,0.000005,0.000000,0.000074,0.000000,0.000000,0.000000,0.000000,0.000000,0.001000,0.009243,0.000423,0.027024,0.157605,calls/second,seconds
