t,count,max,mean,min,stddev,p50,p75,p95,p98,p99,p999,mean_rate,m1_rate,m5_rate,m15_rate,rate_unit,duration_unit
1518701058,15,0.001000,0.000200,0.000000,0.000400,0.000000,0.000000,0.001000,0.001000,0.001000,0.001000,0.024587,0.000125,0.399295,1.531718,calls/second,seconds
1519234758,2,0.000000,0.000000,0.000000,0.000000,0.000000,0.000000,0.000000,0.000000,0.000000,0.000000,0.005052,0.000601,0.109013,0.259338,calls/second,seconds
1519254558,2,0.000000,0.000000,0.000000,0.000000,0.000000,0.000000,0.000000,0.000000,0.000000,0.000000,0.002967,0.000006,0.043589,0.191058,calls/second,seconds
