t,count,max,mean,min,stddev,p50,p75,p95,p98,p99,p999,mean_rate,m1_rate,m5_rate,m15_rate,rate_unit,duration_unit
1513089954,70,0.001000,0.000156,0.000000,0.000363,0.000000,0.000000,0.001000,0.001000,0.001000,0.001000,0.357328,0.129691,0.455665,0.549042,calls/second,seconds
1513099854,17,0.001000,0.000295,0.000000,0.000456,0.000000,0.001000,0.001000,0.001000,0.001000,0.001000,0.023263,0.000019,0.303343,1.519255,calls/second,seconds
