t,count,max,mean,min,stddev,p50,p75,p95,p98,p99,p999,mean_rate,m1_rate,m5_rate,m15_rate,rate_unit,duration_unit
1519241058,9,0.000000,0.000000,0.000000,0.000000,0.000000,0.000000,0.000000,0.000000,0.000000,0.000000,0.018475,0.031132,0.059317,0.125216,calls/second,seconds
1519241958,9,0.000000,0.000000,0.000000,0.000000,0.000000,0.000000,0.000000,0.000000,0.000000,0.000000,0.010143,0.000002,0.012702,0.078969,calls/second,seconds
1519242858,41,0.001000,0.000079,0.000000,0.000270,0.000000,0.000000,0.001000,0.001000,0.001000,0.001000,0.047696,0.000171,0.031134,0.100615,calls/second,seconds
