t,count,max,mean,min,stddev,p50,p75,p95,p98,p99,p999,mean_rate,m1_rate,m5_rate,m15_rate,rate_unit,duration_unit
1515104961,2,0.007000,0.003978,0.001000,0.003000,0.001000,0.007000,0.007000,0.007000,0.007000,0.007000,0.012006,0.027793,0.234658,0.334851,calls/second,seconds
1515158061,2,0.000000,0.000000,0.000000,0.000000,0.000000,0.000000,0.000000,0.000000,0.000000,0.000000,0.038023,0.188947,0.344283,0.380492,calls/second,seconds
1515158961,2,0.001000,0.000500,0.000000,0.000500,0.001000,0.001000,0.001000,0.001000,0.001000,0.001000,0.002565,0.000001,0.030716,0.170019,calls/second,seconds
