t,count,max,mean,min,stddev,p50,p75,p95,p98,p99,p999,mean_rate,m1_rate,m5_rate,m15_rate,rate_unit,duration_unit
1519388276,6,0.014000,0.005988,0.004000,0.003595,0.004000,0.005000,0.014000,0.014000,0.014000,0.014000,0.007532,0.000002,0.086206,0.498847,calls/second,seconds
