t,count,max,mean,min,stddev,p50,p75,p95,p98,p99,p999,mean_rate,m1_rate,m5_rate,m15_rate,rate_unit,duration_unit
1515094161,9,0.038000,0.009420,0.000000,0.010287,0.006000,0.007000,0.038000,0.038000,0.038000,0.038000,0.044404,0.069794,0.939682,1.449357,calls/second,seconds
1515100461,1,0.000000,0.000000,0.000000,0.000000,0.000000,0.000000,0.000000,0.000000,0.000000,0.000000,0.001142,0.000000,0.011005,0.076070,calls/second,seconds
1515154461,1,0.000000,0.000000,0.000000,0.000000,0.000000,0.000000,0.000000,0.000000,0.000000,0.000000,0.001787,0.000021,0.031976,0.108549,calls/second,seconds
1515158061,1,0.000000,0.000000,0.000000,0.000000,0.000000,0.000000,0.000000,0.000000,0.000000,0.000000,0.010292,0.044626,0.148164,0.180967,calls/second,seconds
1515158961,1,0.000000,0.000000,0.000000,0.000000,0.000000,0.000000,0.000000,0.000000,0.000000,0.000000,0.001673,0.000011,0.027984,0.103831,calls/second,seconds
1515509061,1,0.000000,0.000000,0.000000,0.000000,0.000000,0.000000,0.000000,0.000000,0.000000,0.000000,0.001269,0.000000,0.014855,0.084070,calls/second,seconds
1515531561,1,0.000000,0.000000,0.000000,0.000000,0.000000,0.000000,0.000000,0.000000,0.000000,0.000000,0.002759,0.000539,0.061251,0.134811,calls/second,seconds
