t,count,max,mean,min,stddev,p50,p75,p95,p98,p99,p999,mean_rate,m1_rate,m5_rate,m15_rate,rate_unit,duration_unit
1515094161,3,0.002000,0.001640,0.001000,0.000480,0.002000,0.002000,0.002000,0.002000,0.002000,0.002000,0.015113,0.019636,0.214657,0.324860,calls/second,seconds
1515100461,3,0.002000,0.001198,0.001000,0.000399,0.001000,0.001000,0.002000,0.002000,0.002000,0.002000,0.003423,0.000000,0.022239,0.152595,calls/second,seconds
1515154461,2,0.001000,0.001000,0.001000,0.000000,0.001000,0.001000,0.001000,0.001000,0.001000,0.001000,0.003571,0.000038,0.062895,0.215896,calls/second,seconds
1515158061,2,0.001000,0.001000,0.001000,0.000000,0.001000,0.001000,0.001000,0.001000,0.001000,0.001000,0.020434,0.089252,0.296327,0.361935,calls/second,seconds
1515158961,2,0.001000,0.001000,0.001000,0.000000,0.001000,0.001000,0.001000,0.001000,0.001000,0.001000,0.003346,0.000021,0.055969,0.207661,calls/second,seconds
1515509061,2,0.013000,0.006865,0.001000,0.005998,0.001000,0.013000,0.013000,0.013000,0.013000,0.013000,0.002526,0.000001,0.029218,0.167209,calls/second,seconds
1515531561,2,0.001000,0.001000,0.001000,0.000000,0.001000,0.001000,0.001000,0.001000,0.001000,0.001000,0.005510,0.001078,0.122502,0.269622,calls/second,seconds
