t,count,max,mean,min,stddev,p50,p75,p95,p98,p99,p999,mean_rate,m1_rate,m5_rate,m15_rate,rate_unit,duration_unit
1519235658,3,33.826000,18.060726,13.542000,7.583952,13.542000,16.242000,33.826000,33.826000,33.826000,33.826000,0.023064,0.033806,0.136923,0.176093,calls/second,seconds
