t,count,max,mean,min,stddev,p50,p75,p95,p98,p99,p999,mean_rate,m1_rate,m5_rate,m15_rate,rate_unit,duration_unit
1513089954,2240,0.065000,0.000236,0.000000,0.002099,0.000000,0.000000,0.001000,0.001000,0.001000,0.065000,2.796205,0.001191,3.154036,14.547270,calls/second,seconds
