t,count,max,mean,min,stddev,p50,p75,p95,p98,p99,p999,mean_rate,m1_rate,m5_rate,m15_rate,rate_unit,duration_unit
1518701058,30,0.001000,0.000099,0.000000,0.000299,0.000000,0.000000,0.001000,0.001000,0.001000,0.001000,0.049175,0.000251,0.798590,3.063436,calls/second,seconds
1519234758,4,0.000000,0.000000,0.000000,0.000000,0.000000,0.000000,0.000000,0.000000,0.000000,0.000000,0.010105,0.001203,0.218025,0.518675,calls/second,seconds
1519254558,4,0.001000,0.000250,0.000000,0.000433,0.000000,0.001000,0.001000,0.001000,0.001000,0.001000,0.005934,0.000012,0.087177,0.382115,calls/second,seconds
