t,count,max,mean,min,stddev,p50,p75,p95,p98,p99,p999,mean_rate,m1_rate,m5_rate,m15_rate,rate_unit,duration_unit
1519241958,4,0.002000,0.000745,0.000000,0.000827,0.000000,0.001000,0.002000,0.002000,0.002000,0.002000,0.004938,0.000001,0.055587,0.328890,calls/second,seconds
1519242858,20,0.001000,0.000002,0.000000,0.000044,0.000000,0.000000,0.000000,0.000000,0.000000,0.001000,0.024634,0.000089,0.063243,0.336539,calls/second,seconds
