t,count,max,mean,min,stddev,p50,p75,p95,p98,p99,p999,mean_rate,m1_rate,m5_rate,m15_rate,rate_unit,duration_unit
1519316658,4,0.440000,0.206114,0.089000,0.121447,0.168000,0.230000,0.440000,0.440000,0.440000,0.440000,0.004923,0.000000,0.014404,0.083164,calls/second,seconds
