t,count,max,mean,min,stddev,p50,p75,p95,p98,p99,p999,mean_rate,m1_rate,m5_rate,m15_rate,rate_unit,duration_unit
1519664145,2,0.001000,0.000515,0.000000,0.000500,0.001000,0.001000,0.001000,0.001000,0.001000,0.001000,0.003453,0.000030,0.059827,0.212328,calls/second,seconds
