t,count,max,mean,min,stddev,p50,p75,p95,p98,p99,p999,mean_rate,m1_rate,m5_rate,m15_rate,rate_unit,duration_unit
1516971447,2,0.005000,0.003778,0.002000,0.001474,0.005000,0.005000,0.005000,0.005000,0.005000,0.005000,0.003867,0.000046,0.037193,0.114129,calls/second,seconds
1517223447,1,0.005000,0.005000,0.005000,0.000000,0.005000,0.005000,0.005000,0.005000,0.005000,0.005000,0.003829,0.002853,0.085483,0.150654,calls/second,seconds
