t,count,max,mean,min,stddev,p50,p75,p95,p98,p99,p999,mean_rate,m1_rate,m5_rate,m15_rate,rate_unit,duration_unit
1519239258,1,0.018000,0.018000,0.018000,0.000000,0.018000,0.018000,0.018000,0.018000,0.018000,0.018000,0.002187,0.000111,0.044626,0.121306,calls/second,seconds
