t,count,max,mean,min,stddev,p50,p75,p95,p98,p99,p999,mean_rate,m1_rate,m5_rate,m15_rate,rate_unit,duration_unit
1519237458,4,19.529000,14.124906,11.571000,3.619414,11.571000,19.070000,19.529000,19.529000,19.529000,19.529000,0.006355,0.000023,0.076589,0.301916,calls/second,seconds
1519241058,3,28.496000,13.218841,10.615000,5.340054,11.990000,11.990000,28.496000,28.496000,28.496000,28.496000,0.007580,0.000527,0.056960,0.131261,calls/second,seconds
1519241958,2,12.794000,12.020073,12.020000,0.007512,12.020000,12.020000,12.020000,12.020000,12.020000,12.020000,0.003216,0.015998,0.029053,0.102094,calls/second,seconds
1519242858,2,35.896000,24.606591,20.656000,6.678311,20.656000,35.896000,35.896000,35.896000,35.896000,35.896000,0.019925,0.051600,0.148756,0.181043,calls/second,seconds
1519243758,1,14.138000,14.138000,14.138000,0.000000,14.138000,14.138000,14.138000,14.138000,14.138000,14.138000,0.001319,0.000001,0.016417,0.086920,calls/second,seconds
1519380373,1,17.715000,17.715000,17.715000,0.000000,17.715000,17.715000,17.715000,17.715000,17.715000,17.715000,0.057595,0.169296,0.193443,0.197790,calls/second,seconds
1519381976,4,19.963000,19.259659,18.693000,0.506901,19.496000,19.963000,19.963000,19.963000,19.963000,19.963000,0.005014,0.000002,0.057471,0.332565,calls/second,seconds
1519662441,2,17.374000,17.365000,17.356000,0.009000,17.374000,17.374000,17.374000,17.374000,17.374000,17.374000,0.002306,0.000000,0.022755,0.153839,calls/second,seconds
