t,count,max,mean,min,stddev,p50,p75,p95,p98,p99,p999,mean_rate,m1_rate,m5_rate,m15_rate,rate_unit,duration_unit
1513089954,221,0.001000,0.000070,0.000000,0.000256,0.000000,0.000000,0.001000,0.001000,0.001000,0.001000,1.128692,0.416490,1.596880,1.979363,calls/second,seconds
1513099854,51,0.001000,0.000098,0.000000,0.000298,0.000000,0.000000,0.001000,0.001000,0.001000,0.001000,0.069790,0.000058,0.910029,4.557764,calls/second,seconds
