t,count,max,mean,min,stddev,p50,p75,p95,p98,p99,p999,mean_rate,m1_rate,m5_rate,m15_rate,rate_unit,duration_unit
1516971447,3,0.001000,0.000273,0.000000,0.000446,0.000000,0.001000,0.001000,0.001000,0.001000,0.001000,0.005751,0.000045,0.037182,0.114125,calls/second,seconds
1517223447,1,0.000000,0.000000,0.000000,0.000000,0.000000,0.000000,0.000000,0.000000,0.000000,0.000000,0.003828,0.002853,0.085483,0.150654,calls/second,seconds
1517224347,1,0.000000,0.000000,0.000000,0.000000,0.000000,0.000000,0.000000,0.000000,0.000000,0.000000,0.001432,0.000002,0.020052,0.092912,calls/second,seconds
