t,count,max,mean,min,stddev,p50,p75,p95,p98,p99,p999,mean_rate,m1_rate,m5_rate,m15_rate,rate_unit,duration_unit
1519661541,6,0.001000,0.000333,0.000000,0.000471,0.000000,0.001000,0.001000,0.001000,0.001000,0.001000,0.010199,0.000076,0.173598,0.629945,calls/second,seconds
