t,count,max,mean,min,stddev,p50,p75,p95,p98,p99,p999,mean_rate,m1_rate,m5_rate,m15_rate,rate_unit,duration_unit
1519381976,15,0.126000,0.057410,0.044000,0.019966,0.050000,0.060000,0.126000,0.126000,0.126000,0.126000,0.021927,0.000039,0.316198,1.417100,calls/second,seconds
