t,count,max,mean,min,stddev,p50,p75,p95,p98,p99,p999,mean_rate,m1_rate,m5_rate,m15_rate,rate_unit,duration_unit
1513703373,4,0.007000,0.001502,0.001000,0.000510,0.002000,0.002000,0.002000,0.002000,0.002000,0.002000,0.006809,0.007782,0.062846,0.211998,calls/second,seconds
1513705173,2,0.004000,0.004000,0.004000,0.000000,0.004000,0.004000,0.004000,0.004000,0.004000,0.004000,0.002756,0.000002,0.036287,0.179732,calls/second,seconds
1513818573,4,0.004000,0.003505,0.003000,0.000500,0.004000,0.004000,0.004000,0.004000,0.004000,0.004000,0.005238,0.000018,0.033742,0.174213,calls/second,seconds
