t,count,max,mean,min,stddev,p50,p75,p95,p98,p99,p999,mean_rate,m1_rate,m5_rate,m15_rate,rate_unit,duration_unit
1513089954,2,0.013000,0.012000,0.011000,0.001000,0.013000,0.013000,0.013000,0.013000,0.013000,0.013000,0.010216,0.016858,0.212328,0.323874,calls/second,seconds
1513099854,91,0.014000,0.010922,0.008000,0.000716,0.011000,0.011000,0.012000,0.013000,0.014000,0.014000,0.124791,0.000112,1.651067,8.177787,calls/second,seconds
