t,count,max,mean,min,stddev,p50,p75,p95,p98,p99,p999,mean_rate,m1_rate,m5_rate,m15_rate,rate_unit,duration_unit
1519241058,2,0.310000,0.309951,0.305000,0.000491,0.310000,0.310000,0.310000,0.310000,0.310000,0.310000,0.003138,0.000077,0.025610,0.100089,calls/second,seconds
1519241958,1,0.310000,0.310000,0.310000,0.000000,0.310000,0.310000,0.310000,0.310000,0.310000,0.310000,0.001747,0.000016,0.030416,0.106755,calls/second,seconds
1519242858,1,0.300000,0.300000,0.300000,0.000000,0.300000,0.300000,0.300000,0.300000,0.300000,0.300000,0.001148,0.000000,0.011190,0.076494,calls/second,seconds
