t,count,max,mean,min,stddev,p50,p75,p95,p98,p99,p999,mean_rate,m1_rate,m5_rate,m15_rate,rate_unit,duration_unit
1519664145,9,0.002000,0.001112,0.000000,0.000569,0.001000,0.001000,0.002000,0.002000,0.002000,0.002000,0.015476,0.000023,0.033375,0.110281,calls/second,seconds
