t,count,max,mean,min,stddev,p50,p75,p95,p98,p99,p999,mean_rate,m1_rate,m5_rate,m15_rate,rate_unit,duration_unit
1518701058,2,0.001000,0.000500,0.000000,0.000500,0.001000,0.001000,0.001000,0.001000,0.001000,0.001000,0.003381,0.000023,0.056910,0.208818,calls/second,seconds
1519235658,3,0.000000,0.000000,0.000000,0.000000,0.000000,0.000000,0.000000,0.000000,0.000000,0.000000,0.031699,0.104562,0.304153,0.365005,calls/second,seconds
1519237458,2,0.000000,0.000000,0.000000,0.000000,0.000000,0.000000,0.000000,0.000000,0.000000,0.000000,0.003211,0.000014,0.051494,0.201972,calls/second,seconds
1519243758,2,0.000000,0.000000,0.000000,0.000000,0.000000,0.000000,0.000000,0.000000,0.000000,0.000000,0.003077,0.000009,0.047377,0.196439,calls/second,seconds
1519264458,5,0.000000,0.000000,0.000000,0.000000,0.000000,0.000000,0.000000,0.000000,0.000000,0.000000,0.018841,0.032790,0.176555,0.302772,calls/second,seconds
