t,count,max,mean,min,stddev,p50,p75,p95,p98,p99,p999,mean_rate,m1_rate,m5_rate,m15_rate,rate_unit,duration_unit
1515094161,6,0.056000,0.015920,0.007000,0.017826,0.008000,0.009000,0.056000,0.056000,0.056000,0.056000,0.061787,0.267756,0.888982,1.085805,calls/second,seconds
