t,count,max,mean,min,stddev,p50,p75,p95,p98,p99,p999,mean_rate,m1_rate,m5_rate,m15_rate,rate_unit,duration_unit
1519241958,1,0.315000,0.315000,0.315000,0.000000,0.315000,0.315000,0.315000,0.315000,0.315000,0.315000,0.010507,0.044626,0.148164,0.180967,calls/second,seconds
1519242858,1,0.305000,0.305000,0.305000,0.000000,0.305000,0.305000,0.305000,0.305000,0.305000,0.305000,0.016456,0.079970,0.166498,0.188144,calls/second,seconds
