t,count,max,mean,min,stddev,p50,p75,p95,p98,p99,p999,mean_rate,m1_rate,m5_rate,m15_rate,rate_unit,duration_unit
1517882958,1,24.518000,24.518000,24.518000,0.000000,24.518000,24.518000,24.518000,24.518000,24.518000,24.518000,0.001873,0.000032,0.034755,0.111607,calls/second,seconds
