t,count,max,mean,min,stddev,p50,p75,p95,p98,p99,p999,mean_rate,m1_rate,m5_rate,m15_rate,rate_unit,duration_unit
1519241058,5,0.002000,0.001099,0.001000,0.000299,0.001000,0.001000,0.002000,0.002000,0.002000,0.002000,0.008072,0.000060,0.029105,0.104215,calls/second,seconds
1519242858,11,0.003000,0.001336,0.000000,0.000531,0.001000,0.002000,0.002000,0.002000,0.003000,0.003000,0.013780,0.000017,0.046649,0.253894,calls/second,seconds
