t,count,max,mean,min,stddev,p50,p75,p95,p98,p99,p999,mean_rate,m1_rate,m5_rate,m15_rate,rate_unit,duration_unit
1513089954,228,0.382000,0.030995,0.022000,0.042997,0.025000,0.026000,0.031000,0.052000,0.360000,0.382000,0.390115,0.002537,5.319205,19.031863,calls/second,seconds
