t,count,max,mean,min,stddev,p50,p75,p95,p98,p99,p999,mean_rate,m1_rate,m5_rate,m15_rate,rate_unit,duration_unit
1516971447,8,0.002000,0.000888,0.000000,0.000569,0.001000,0.001000,0.002000,0.002000,0.002000,0.002000,0.015479,0.000253,0.220511,0.682182,calls/second,seconds
1517223447,6,0.001000,0.000167,0.000000,0.000373,0.000000,0.000000,0.001000,0.001000,0.001000,0.001000,0.023029,0.017117,0.512898,0.903922,calls/second,seconds
