t,count,max,mean,min,stddev,p50,p75,p95,p98,p99,p999,mean_rate,m1_rate,m5_rate,m15_rate,rate_unit,duration_unit
1513703373,2,0.002000,0.000001,0.000000,0.000048,0.000000,0.000000,0.000000,0.000000,0.000000,0.000000,0.003410,0.003891,0.031423,0.105999,calls/second,seconds
1513705173,1,0.001000,0.001000,0.001000,0.000000,0.001000,0.001000,0.001000,0.001000,0.001000,0.001000,0.001391,0.000001,0.018759,0.090870,calls/second,seconds
1513818573,2,0.001000,0.000010,0.000000,0.000101,0.000000,0.000000,0.000000,0.000000,0.001000,0.001000,0.002621,0.000009,0.016871,0.087106,calls/second,seconds
