t,count,max,mean,min,stddev,p50,p75,p95,p98,p99,p999,mean_rate,m1_rate,m5_rate,m15_rate,rate_unit,duration_unit
1519241958,2,0.028000,0.026478,0.025000,0.001500,0.025000,0.028000,0.028000,0.028000,0.028000,0.028000,0.023309,0.105439,0.306371,0.365979,calls/second,seconds
1519242858,2,0.027000,0.026507,0.026000,0.000500,0.027000,0.027000,0.027000,0.027000,0.027000,0.027000,0.068108,0.286613,0.374203,0.391209,calls/second,seconds
