t,count,max,mean,min,stddev,p50,p75,p95,p98,p99,p999,mean_rate,m1_rate,m5_rate,m15_rate,rate_unit,duration_unit
1519241058,3,0.000000,0.000000,0.000000,0.000000,0.000000,0.000000,0.000000,0.000000,0.000000,0.000000,0.030463,0.056714,0.153547,0.183036,calls/second,seconds
1519241958,10,0.000000,0.000000,0.000000,0.000000,0.000000,0.000000,0.000000,0.000000,0.000000,0.000000,0.011267,0.000000,0.023058,0.154057,calls/second,seconds
1519242858,40,0.001000,0.000033,0.000000,0.000179,0.000000,0.000000,0.000000,0.001000,0.001000,0.001000,0.049268,0.000185,0.087056,0.429583,calls/second,seconds
