t,count,max,mean,min,stddev,p50,p75,p95,p98,p99,p999,mean_rate,m1_rate,m5_rate,m15_rate,rate_unit,duration_unit
1513089954,100,0.001000,0.000024,0.000000,0.000154,0.000000,0.000000,0.000000,0.001000,0.001000,0.001000,0.510487,0.199748,0.932563,1.221181,calls/second,seconds
1513099854,34,0.000000,0.000000,0.000000,0.000000,0.000000,0.000000,0.000000,0.000000,0.000000,0.000000,0.046526,0.000038,0.606686,3.038509,calls/second,seconds
