t,count,max,mean,min,stddev,p50,p75,p95,p98,p99,p999,mean_rate,m1_rate,m5_rate,m15_rate,rate_unit,duration_unit
1518701058,24,0.045000,0.004590,0.002000,0.008051,0.003000,0.003000,0.004000,0.045000,0.045000,0.045000,0.039315,0.000133,0.403405,1.536873,calls/second,seconds
1519234758,2,0.002000,0.002000,0.002000,0.000000,0.002000,0.002000,0.002000,0.002000,0.002000,0.002000,0.005048,0.000601,0.109013,0.259338,calls/second,seconds
1519235658,41,0.012000,0.003318,0.002000,0.001827,0.003000,0.003000,0.004000,0.012000,0.012000,0.012000,0.349173,0.300488,0.382804,0.394397,calls/second,seconds
1519237458,14,0.005000,0.003002,0.002000,0.000656,0.003000,0.003000,0.005000,0.005000,0.005000,0.005000,0.022296,0.000014,0.030947,0.107740,calls/second,seconds
1519243758,1,0.002000,0.002000,0.002000,0.000000,0.002000,0.002000,0.002000,0.002000,0.002000,0.002000,0.001529,0.000004,0.023297,0.097675,calls/second,seconds
1519249158,1,0.003000,0.003000,0.003000,0.000000,0.003000,0.003000,0.003000,0.003000,0.003000,0.003000,0.001511,0.000004,0.022533,0.096596,calls/second,seconds
1519254558,2,0.003000,0.003000,0.003000,0.000000,0.003000,0.003000,0.003000,0.003000,0.003000,0.003000,0.002967,0.000006,0.043589,0.191058,calls/second,seconds
1519264458,77,0.011000,0.003043,0.002000,0.001090,0.003000,0.003000,0.004000,0.004000,0.011000,0.011000,0.282792,0.300269,0.255615,0.222963,calls/second,seconds
1519265358,3,0.003000,0.003000,0.003000,0.000000,0.003000,0.003000,0.003000,0.003000,0.003000,0.003000,0.003343,0.000000,0.030885,0.223194,calls/second,seconds
