t,count,max,mean,min,stddev,p50,p75,p95,p98,p99,p999,mean_rate,m1_rate,m5_rate,m15_rate,rate_unit,duration_unit
1515094161,1,0.001000,0.001000,0.001000,0.000000,0.001000,0.001000,0.001000,0.001000,0.001000,0.001000,0.004850,0.007135,0.102683,0.160147,calls/second,seconds
1515100461,1,0.000000,0.000000,0.000000,0.000000,0.000000,0.000000,0.000000,0.000000,0.000000,0.000000,0.001141,0.000000,0.011005,0.076070,calls/second,seconds
1515154461,1,0.000000,0.000000,0.000000,0.000000,0.000000,0.000000,0.000000,0.000000,0.000000,0.000000,0.001785,0.000019,0.031447,0.107948,calls/second,seconds
1515158061,1,0.000000,0.000000,0.000000,0.000000,0.000000,0.000000,0.000000,0.000000,0.000000,0.000000,0.010219,0.044626,0.148164,0.180967,calls/second,seconds
1515509061,1,0.012000,0.012000,0.012000,0.000000,0.012000,0.012000,0.012000,0.012000,0.012000,0.012000,0.001262,0.000000,0.014609,0.083604,calls/second,seconds
1515531561,1,0.000000,0.000000,0.000000,0.000000,0.000000,0.000000,0.000000,0.000000,0.000000,0.000000,0.002754,0.000539,0.061251,0.134811,calls/second,seconds
