t,count,max,mean,min,stddev,p50,p75,p95,p98,p99,p999,mean_rate,m1_rate,m5_rate,m15_rate,rate_unit,duration_unit
1515094161,1,0.002000,0.002000,0.002000,0.000000,0.002000,0.002000,0.002000,0.002000,0.002000,0.002000,0.005437,0.010823,0.111607,0.164658,calls/second,seconds
1515100461,1,0.002000,0.002000,0.002000,0.000000,0.002000,0.002000,0.002000,0.002000,0.002000,0.002000,0.001379,0.000001,0.018144,0.089866,calls/second,seconds
1515154461,1,0.002000,0.002000,0.002000,0.000000,0.002000,0.002000,0.002000,0.002000,0.002000,0.002000,0.001834,0.000025,0.033060,0.109762,calls/second,seconds
