t,count,max,mean,min,stddev,p50,p75,p95,p98,p99,p999,mean_rate,m1_rate,m5_rate,m15_rate,rate_unit,duration_unit
1519237458,4,0.028000,0.026603,0.024000,0.001907,0.028000,0.028000,0.028000,0.028000,0.028000,0.028000,0.009394,0.000444,0.100630,0.252321,calls/second,seconds
1519239258,1,0.026000,0.026000,0.026000,0.000000,0.026000,0.026000,0.026000,0.026000,0.026000,0.026000,0.001674,0.000011,0.027984,0.103831,calls/second,seconds
1519241058,1,0.024000,0.024000,0.024000,0.000000,0.024000,0.024000,0.024000,0.024000,0.024000,0.024000,0.002531,0.000301,0.054506,0.129669,calls/second,seconds
1519244658,1,0.030000,0.030000,0.030000,0.000000,0.030000,0.030000,0.030000,0.030000,0.030000,0.030000,0.002380,0.000198,0.050148,0.126117,calls/second,seconds
