t,count,max,mean,min,stddev,p50,p75,p95,p98,p99,p999,mean_rate,m1_rate,m5_rate,m15_rate,rate_unit,duration_unit
1519662441,1,0.469000,0.469000,0.469000,0.000000,0.469000,0.469000,0.469000,0.469000,0.469000,0.469000,0.001845,0.000027,0.033615,0.110374,calls/second,seconds
