t,count,max,mean,min,stddev,p50,p75,p95,p98,p99,p999,mean_rate,m1_rate,m5_rate,m15_rate,rate_unit,duration_unit
1516618969,1,15.069000,15.069000,15.069000,0.000000,15.069000,15.069000,15.069000,15.069000,15.069000,15.069000,0.001335,0.000001,0.016973,0.087891,calls/second,seconds
