t,count,max,mean,min,stddev,p50,p75,p95,p98,p99,p999,mean_rate,m1_rate,m5_rate,m15_rate,rate_unit,duration_unit
1519381976,12,0.001000,0.000168,0.000000,0.000374,0.000000,0.000000,0.001000,0.001000,0.001000,0.001000,0.017594,0.000442,0.133192,0.571473,calls/second,seconds
1519386476,6,0.001000,0.000167,0.000000,0.000373,0.000000,0.000000,0.001000,0.001000,0.001000,0.001000,0.025397,0.025965,0.557471,0.929383,calls/second,seconds
1519388276,8,0.001000,0.000252,0.000000,0.000434,0.000000,0.001000,0.001000,0.001000,0.001000,0.001000,0.009962,0.000003,0.113042,0.661444,calls/second,seconds
1519390076,6,0.001000,0.000333,0.000000,0.000471,0.000000,0.001000,0.001000,0.001000,0.001000,0.001000,0.007187,0.000001,0.076713,0.479820,calls/second,seconds
