t,count,max,mean,min,stddev,p50,p75,p95,p98,p99,p999,mean_rate,m1_rate,m5_rate,m15_rate,rate_unit,duration_unit
1516971447,33,0.009000,0.000773,0.000000,0.001691,0.000000,0.001000,0.005000,0.009000,0.009000,0.009000,0.063301,0.001236,1.185783,3.724183,calls/second,seconds
1517223447,2,0.001000,0.001000,0.001000,0.000000,0.001000,0.001000,0.001000,0.001000,0.001000,0.001000,0.007658,0.005706,0.170966,0.301307,calls/second,seconds
1517224347,12,0.001000,0.000581,0.000000,0.000493,0.001000,0.001000,0.001000,0.001000,0.001000,0.001000,0.017817,0.000037,0.261532,1.146346,calls/second,seconds
