t,count,max,mean,min,stddev,p50,p75,p95,p98,p99,p999,mean_rate,m1_rate,m5_rate,m15_rate,rate_unit,duration_unit
1513280098,3,20.887000,20.808018,20.670000,0.097282,20.865000,20.887000,20.887000,20.887000,20.887000,20.887000,0.008251,0.001616,0.183754,0.404433,calls/second,seconds
1513478098,2,20.748000,20.713000,20.678000,0.035000,20.748000,20.748000,20.748000,20.748000,20.748000,20.748000,0.557755,0.000000,0.000000,0.000000,calls/second,seconds
1513598698,1,20.253000,20.253000,20.253000,0.000000,20.253000,20.253000,20.253000,20.253000,20.253000,20.253000,0.017869,0.086920,0.169296,0.189192,calls/second,seconds
1513613998,3,22.244000,22.030891,21.717000,0.225440,22.127000,22.244000,22.244000,22.244000,22.244000,22.244000,0.008275,0.001616,0.183754,0.404433,calls/second,seconds
1513634698,3,17.028000,16.909703,16.768000,0.107081,16.931000,17.028000,17.028000,17.028000,17.028000,17.028000,0.008163,0.001487,0.180717,0.402192,calls/second,seconds
