t,count,max,mean,min,stddev,p50,p75,p95,p98,p99,p999,mean_rate,m1_rate,m5_rate,m15_rate,rate_unit,duration_unit
1519664145,6,0.003000,0.001167,0.000000,0.000898,0.001000,0.001000,0.003000,0.003000,0.003000,0.003000,0.010433,0.000090,0.179482,0.636983,calls/second,seconds
