t,count,max,mean,min,stddev,p50,p75,p95,p98,p99,p999,mean_rate,m1_rate,m5_rate,m15_rate,rate_unit,duration_unit
1515104961,1,0.365000,0.365000,0.365000,0.000000,0.365000,0.365000,0.365000,0.365000,0.365000,0.365000,0.004387,0.005112,0.096061,0.156628,calls/second,seconds
1515170661,26,0.254000,0.154254,0.013000,0.074860,0.182000,0.209000,0.254000,0.254000,0.254000,0.254000,0.052660,0.037719,0.241853,0.603179,calls/second,seconds
1515194961,1,0.258000,0.258000,0.258000,0.000000,0.258000,0.258000,0.258000,0.258000,0.258000,0.258000,0.003533,0.002044,0.079970,0.147343,calls/second,seconds
