t,count,max,mean,min,stddev,p50,p75,p95,p98,p99,p999,mean_rate,m1_rate,m5_rate,m15_rate,rate_unit,duration_unit
1516971447,14,0.001000,0.000428,0.000000,0.000495,0.000000,0.001000,0.001000,0.001000,0.001000,0.001000,0.026839,0.000524,0.503059,1.579956,calls/second,seconds
