t,count,max,mean,min,stddev,p50,p75,p95,p98,p99,p999,mean_rate,m1_rate,m5_rate,m15_rate,rate_unit,duration_unit
1518701058,15,0.304000,0.075973,0.041000,0.061670,0.057000,0.077000,0.304000,0.304000,0.304000,0.304000,0.024585,0.000125,0.399295,1.531718,calls/second,seconds
1519234758,2,0.277000,0.234322,0.191000,0.042999,0.277000,0.277000,0.277000,0.277000,0.277000,0.277000,0.005051,0.000601,0.109013,0.259338,calls/second,seconds
1519254558,2,0.061000,0.052000,0.043000,0.009000,0.061000,0.061000,0.061000,0.061000,0.061000,0.061000,0.002967,0.000006,0.043589,0.191058,calls/second,seconds
