t,count,max,mean,min,stddev,p50,p75,p95,p98,p99,p999,mean_rate,m1_rate,m5_rate,m15_rate,rate_unit,duration_unit
1513089954,14,0.021000,0.000914,0.000000,0.003934,0.000000,0.000000,0.002000,0.021000,0.021000,0.021000,0.059020,0.021390,0.208417,0.320803,calls/second,seconds
1513099854,1,0.000000,0.000000,0.000000,0.000000,0.000000,0.000000,0.000000,0.000000,0.000000,0.000000,0.001371,0.000001,0.018144,0.089866,calls/second,seconds
