t,count,max,mean,min,stddev,p50,p75,p95,p98,p99,p999,mean_rate,m1_rate,m5_rate,m15_rate,rate_unit,duration_unit
1519242858,28,0.001000,0.000142,0.000000,0.000349,0.000000,0.000000,0.001000,0.001000,0.001000,0.001000,1.722532,4.740298,5.416410,5.538122,calls/second,seconds
1519243758,22,0.001000,0.000050,0.000000,0.000218,0.000000,0.000000,0.000000,0.001000,0.001000,0.001000,0.024456,0.000001,0.024878,0.157681,calls/second,seconds
1519249158,2,0.001000,0.000500,0.000000,0.000500,0.001000,0.001000,0.001000,0.001000,0.001000,0.001000,0.003022,0.000007,0.045066,0.193192,calls/second,seconds
1519264458,629,0.113000,0.002530,0.000000,0.012360,0.000000,0.000000,0.002000,0.043000,0.095000,0.112000,2.316399,3.009362,1.658766,0.917548,calls/second,seconds
1519265358,6,0.000000,0.000000,0.000000,0.000000,0.000000,0.000000,0.000000,0.000000,0.000000,0.000000,0.006685,0.000000,0.061770,0.446388,calls/second,seconds
