t,count,max,mean,min,stddev,p50,p75,p95,p98,p99,p999,mean_rate,m1_rate,m5_rate,m15_rate,rate_unit,duration_unit
1515158961,1,10.174000,10.174000,10.174000,0.000000,10.174000,10.174000,10.174000,10.174000,10.174000,10.174000,0.001815,0.000023,0.032513,0.109154,calls/second,seconds
