t,count,max,mean,min,stddev,p50,p75,p95,p98,p99,p999,mean_rate,m1_rate,m5_rate,m15_rate,rate_unit,duration_unit
1515104961,2,0.002000,0.001500,0.001000,0.000500,0.002000,0.002000,0.002000,0.002000,0.002000,0.002000,0.012019,0.027793,0.234658,0.334851,calls/second,seconds
1515158061,2,0.000000,0.000000,0.000000,0.000000,0.000000,0.000000,0.000000,0.000000,0.000000,0.000000,0.038061,0.188947,0.344283,0.380492,calls/second,seconds
1515158961,6,0.001000,0.000913,0.000000,0.000283,0.001000,0.001000,0.001000,0.001000,0.001000,0.001000,0.007696,0.000245,0.034086,0.172787,calls/second,seconds
