t,count,max,mean,min,stddev,p50,p75,p95,p98,p99,p999,mean_rate,m1_rate,m5_rate,m15_rate,rate_unit,duration_unit
1519661541,6,22.358000,11.314639,11.067000,0.803347,11.327000,11.377000,11.377000,11.377000,11.377000,22.358000,0.014118,0.015534,0.158298,0.381425,calls/second,seconds
