t,count,max,mean,min,stddev,p50,p75,p95,p98,p99,p999,mean_rate,m1_rate,m5_rate,m15_rate,rate_unit,duration_unit
1519237458,20,0.000000,0.000000,0.000000,0.000000,0.000000,0.000000,0.000000,0.000000,0.000000,0.000000,0.029831,0.000029,0.094354,0.391195,calls/second,seconds
1519241058,8,0.001000,0.000250,0.000000,0.000433,0.000000,0.001000,0.001000,0.001000,0.001000,0.001000,0.011892,0.000171,0.091160,0.385086,calls/second,seconds
1519241958,14,0.001000,0.000268,0.000000,0.000443,0.000000,0.001000,0.001000,0.001000,0.001000,0.001000,0.022591,0.004362,0.110910,0.410398,calls/second,seconds
1519242858,6,0.001000,0.000201,0.000000,0.000401,0.000000,0.000000,0.001000,0.001000,0.001000,0.001000,0.037033,0.036726,0.246966,0.340521,calls/second,seconds
1519373358,2,0.000000,0.000000,0.000000,0.000000,0.000000,0.000000,0.000000,0.000000,0.000000,0.000000,0.009593,0.014270,0.205367,0.320295,calls/second,seconds
1519380373,4,0.001000,0.000330,0.000000,0.000470,0.000000,0.001000,0.001000,0.001000,0.001000,0.001000,0.080407,0.237349,0.356681,0.384828,calls/second,seconds
1519381976,2,0.000000,0.000000,0.000000,0.000000,0.000000,0.000000,0.000000,0.000000,0.000000,0.000000,0.002516,0.000001,0.029218,0.167209,calls/second,seconds
1519662441,16,0.001000,0.000189,0.000000,0.000391,0.000000,0.000000,0.001000,0.001000,0.001000,0.001000,0.018090,0.000005,0.026459,0.158544,calls/second,seconds
1519664145,12,0.004000,0.000695,0.000000,0.001050,0.000000,0.001000,0.004000,0.004000,0.004000,0.004000,0.015380,0.000004,0.121976,0.678266,calls/second,seconds
