t,count,max,mean,min,stddev,p50,p75,p95,p98,p99,p999,mean_rate,m1_rate,m5_rate,m15_rate,rate_unit,duration_unit
1519237458,4,0.016000,0.015442,0.013000,0.000993,0.016000,0.016000,0.016000,0.016000,0.016000,0.016000,0.009507,0.002034,0.054874,0.128698,calls/second,seconds
