t,count,max,mean,min,stddev,p50,p75,p95,p98,p99,p999,mean_rate,m1_rate,m5_rate,m15_rate,rate_unit,duration_unit
1519662441,2,0.001000,0.000485,0.000000,0.000500,0.000000,0.001000,0.001000,0.001000,0.001000,0.001000,0.003826,0.000075,0.071866,0.225708,calls/second,seconds
