t,count,max,mean,min,stddev,p50,p75,p95,p98,p99,p999,mean_rate,m1_rate,m5_rate,m15_rate,rate_unit,duration_unit
1519241058,43,0.004000,0.000488,0.000000,0.001070,0.000000,0.001000,0.004000,0.004000,0.004000,0.004000,0.088153,0.099963,0.231346,0.503509,calls/second,seconds
1519241958,43,0.001000,0.000256,0.000000,0.000437,0.000000,0.001000,0.001000,0.001000,0.001000,0.001000,0.048451,0.000007,0.062906,0.393889,calls/second,seconds
1519242858,164,0.001000,0.000140,0.000000,0.000347,0.000000,0.000000,0.001000,0.001000,0.001000,0.001000,0.190591,0.000890,0.125150,0.401151,calls/second,seconds
