t,count,max,mean,min,stddev,p50,p75,p95,p98,p99,p999,mean_rate,m1_rate,m5_rate,m15_rate,rate_unit,duration_unit
1519242858,14,0.001000,0.000215,0.000000,0.000410,0.000000,0.000000,0.001000,0.001000,0.001000,0.001000,0.869201,2.370149,2.708205,2.769061,calls/second,seconds
1519243758,11,0.001000,0.000100,0.000000,0.000300,0.000000,0.000000,0.001000,0.001000,0.001000,0.001000,0.012229,0.000000,0.012439,0.078840,calls/second,seconds
