t,count,max,mean,min,stddev,p50,p75,p95,p98,p99,p999,mean_rate,m1_rate,m5_rate,m15_rate,rate_unit,duration_unit
1519662441,10,0.001000,0.000988,0.000000,0.000109,0.001000,0.001000,0.001000,0.001000,0.001000,0.001000,0.014403,0.000457,0.065529,0.284596,calls/second,seconds
1519664145,68,0.018000,0.001692,0.001000,0.000660,0.002000,0.002000,0.003000,0.003000,0.003000,0.003000,0.084362,0.078035,0.107957,0.291298,calls/second,seconds
