t,count,max,mean,min,stddev,p50,p75,p95,p98,p99,p999,mean_rate,m1_rate,m5_rate,m15_rate,rate_unit,duration_unit
1515094161,15,0.611000,0.133089,0.062000,0.129385,0.095000,0.139000,0.611000,0.611000,0.611000,0.611000,0.074499,0.116323,1.566137,2.415595,calls/second,seconds
