t,count,max,mean,min,stddev,p50,p75,p95,p98,p99,p999,mean_rate,m1_rate,m5_rate,m15_rate,rate_unit,duration_unit
1516041169,233,0.673000,0.070466,0.000000,0.147817,0.003000,0.020000,0.368000,0.508000,0.508000,0.519000,0.280280,0.073501,0.646873,3.314757,calls/second,seconds
1516042069,48,0.477000,0.073887,0.000000,0.154495,0.004000,0.020000,0.447000,0.477000,0.477000,0.477000,0.057616,0.000012,0.165447,0.978075,calls/second,seconds
