t,count,max,mean,min,stddev,p50,p75,p95,p98,p99,p999,mean_rate,m1_rate,m5_rate,m15_rate,rate_unit,duration_unit
1515543261,1,339.911000,339.911000,339.911000,0.000000,339.911000,339.911000,339.911000,339.911000,339.911000,339.911000,0.001985,0.000052,0.038410,0.115390,calls/second,seconds
1518221358,1,382.850000,382.850000,382.850000,0.000000,382.850000,382.850000,382.850000,382.850000,382.850000,382.850000,0.005796,0.012786,0.115390,0.166498,calls/second,seconds
