t,count,max,mean,min,stddev,p50,p75,p95,p98,p99,p999,mean_rate,m1_rate,m5_rate,m15_rate,rate_unit,duration_unit
1519664145,60,0.002000,0.000316,0.000000,0.000499,0.000000,0.001000,0.001000,0.001000,0.002000,0.002000,0.103727,0.000898,1.794823,6.369833,calls/second,seconds
