t,count,max,mean,min,stddev,p50,p75,p95,p98,p99,p999,mean_rate,m1_rate,m5_rate,m15_rate,rate_unit,duration_unit
1519381976,30,0.001000,0.000132,0.000000,0.000338,0.000000,0.000000,0.001000,0.001000,0.001000,0.001000,0.043844,0.000078,0.632395,2.834199,calls/second,seconds
