t,count,max,mean,min,stddev,p50,p75,p95,p98,p99,p999,mean_rate,m1_rate,m5_rate,m15_rate,rate_unit,duration_unit
1516971447,27,0.001000,0.000800,0.000000,0.000400,0.001000,0.001000,0.001000,0.001000,0.001000,0.001000,0.051634,0.000137,0.052150,0.129377,calls/second,seconds
1516976847,2,0.001000,0.001000,0.001000,0.000000,0.001000,0.001000,0.001000,0.001000,0.001000,0.001000,0.002311,0.000000,0.011572,0.077351,calls/second,seconds
1517223447,9,0.001000,0.001000,0.001000,0.000000,0.001000,0.001000,0.001000,0.001000,0.001000,0.001000,0.034448,0.025676,0.769347,1.355884,calls/second,seconds
1517224347,6,0.001000,0.001000,0.001000,0.000000,0.001000,0.001000,0.001000,0.001000,0.001000,0.001000,0.008842,0.000017,0.128605,0.569998,calls/second,seconds
