t,count,max,mean,min,stddev,p50,p75,p95,p98,p99,p999,mean_rate,m1_rate,m5_rate,m15_rate,rate_unit,duration_unit
1513703373,10,0.024000,0.001047,0.000000,0.000812,0.001000,0.001000,0.001000,0.001000,0.001000,0.016000,0.016947,0.003983,0.258583,0.940691,calls/second,seconds
1513705173,1,0.000000,0.000000,0.000000,0.000000,0.000000,0.000000,0.000000,0.000000,0.000000,0.000000,0.001391,0.000001,0.018759,0.090870,calls/second,seconds
1513818573,2,0.000000,0.000000,0.000000,0.000000,0.000000,0.000000,0.000000,0.000000,0.000000,0.000000,0.002621,0.000009,0.016871,0.087106,calls/second,seconds
