t,count,max,mean,min,stddev,p50,p75,p95,p98,p99,p999,mean_rate,m1_rate,m5_rate,m15_rate,rate_unit,duration_unit
1519237458,1,0.001000,0.001000,0.001000,0.000000,0.001000,0.001000,0.001000,0.001000,0.001000,0.001000,0.002475,0.000277,0.053605,0.128950,calls/second,seconds
1519662441,12,0.002000,0.001000,0.001000,0.000019,0.001000,0.001000,0.001000,0.001000,0.001000,0.001000,0.022687,0.015445,0.119790,0.344184,calls/second,seconds
