t,count,max,mean,min,stddev,p50,p75,p95,p98,p99,p999,mean_rate,m1_rate,m5_rate,m15_rate,rate_unit,duration_unit
1513703373,4,0.002000,0.001000,0.001000,0.000017,0.001000,0.001000,0.001000,0.001000,0.001000,0.001000,0.006808,0.007782,0.062846,0.211998,calls/second,seconds
1513705173,2,0.001000,0.001000,0.001000,0.000000,0.001000,0.001000,0.001000,0.001000,0.001000,0.001000,0.002783,0.000003,0.037517,0.181740,calls/second,seconds
1513818573,4,0.001000,0.001000,0.001000,0.000000,0.001000,0.001000,0.001000,0.001000,0.001000,0.001000,0.005238,0.000018,0.033742,0.174213,calls/second,seconds
