t,count,max,mean,min,stddev,p50,p75,p95,p98,p99,p999,mean_rate,m1_rate,m5_rate,m15_rate,rate_unit,duration_unit
1519232958,116,2.767000,0.120925,0.000000,0.398356,0.000000,0.001000,1.518000,1.522000,1.583000,2.767000,0.507849,0.329373,5.669839,9.135854,calls/second,seconds
1519233858,733,2.429000,0.042305,0.000000,0.155167,0.000000,0.001000,0.235000,0.472000,0.893000,2.429000,1.359486,0.004895,2.419460,6.871537,calls/second,seconds
1519258158,716,1.520000,0.037477,0.000000,0.121318,0.000000,0.001000,0.259000,0.412000,0.468000,1.520000,1.121801,0.000826,1.717042,6.135539,calls/second,seconds
1519259058,716,1.592000,0.029971,0.000000,0.105500,0.000000,0.001000,0.180000,0.293000,0.353000,1.592000,0.806405,0.000014,0.749477,4.649840,calls/second,seconds
1519263558,716,1.500000,0.031998,0.000000,0.106825,0.000000,0.000000,0.212000,0.319000,0.387000,1.500000,1.213338,0.001775,1.996062,6.450524,calls/second,seconds
1519314858,716,1.981000,0.035579,0.000000,0.128592,0.000000,0.000000,0.209000,0.370000,0.544000,1.981000,1.577598,0.018750,3.188379,7.537712,calls/second,seconds
1519316658,177,0.440000,0.010608,0.000000,0.041665,0.000000,0.000000,0.077000,0.166000,0.230000,0.440000,0.217737,0.000018,0.660786,3.822245,calls/second,seconds
