t,count,max,mean,min,stddev,p50,p75,p95,p98,p99,p999,mean_rate,m1_rate,m5_rate,m15_rate,rate_unit,duration_unit
1515094161,8,0.036000,0.023880,0.017000,0.007277,0.022000,0.023000,0.036000,0.036000,0.036000,0.036000,0.039442,0.062039,0.835273,1.288317,calls/second,seconds
