t,count,max,mean,min,stddev,p50,p75,p95,p98,p99,p999,mean_rate,m1_rate,m5_rate,m15_rate,rate_unit,duration_unit
1519664145,19,0.009000,0.007570,0.003000,0.001581,0.008000,0.009000,0.009000,0.009000,0.009000,0.009000,0.028774,0.013248,0.108667,0.397860,calls/second,seconds
