t,count,max,mean,min,stddev,p50,p75,p95,p98,p99,p999,mean_rate,m1_rate,m5_rate,m15_rate,rate_unit,duration_unit
1519241958,1,0.002000,0.002000,0.002000,0.000000,0.002000,0.002000,0.002000,0.002000,0.002000,0.002000,0.001295,0.000001,0.015616,0.085483,calls/second,seconds
1519243758,2,0.002000,0.001000,0.000000,0.001000,0.002000,0.002000,0.002000,0.002000,0.002000,0.002000,0.002590,0.000001,0.031233,0.170966,calls/second,seconds
