t,count,max,mean,min,stddev,p50,p75,p95,p98,p99,p999,mean_rate,m1_rate,m5_rate,m15_rate,rate_unit,duration_unit
1519232958,2,2.767000,1.382710,0.310000,1.218582,0.310000,2.767000,2.767000,2.767000,2.767000,2.767000,0.008921,0.006127,0.099373,0.158388,calls/second,seconds
1519233858,4,0.813000,0.524048,0.309000,0.227554,0.412000,0.813000,0.813000,0.813000,0.813000,0.813000,0.007434,0.000043,0.036121,0.112918,calls/second,seconds
1519258158,4,0.744000,0.582307,0.365000,0.156119,0.720000,0.720000,0.744000,0.744000,0.744000,0.744000,0.006282,0.000008,0.025842,0.101027,calls/second,seconds
1519259058,4,0.459000,0.338952,0.241000,0.093671,0.315000,0.459000,0.459000,0.459000,0.459000,0.459000,0.004511,0.000000,0.011244,0.076534,calls/second,seconds
1519263558,4,0.598000,0.441661,0.332000,0.122626,0.358000,0.598000,0.598000,0.598000,0.598000,0.598000,0.006792,0.000018,0.030530,0.106799,calls/second,seconds
1519314858,4,0.544000,0.447578,0.400000,0.053868,0.411000,0.483000,0.544000,0.544000,0.544000,0.544000,0.008840,0.000174,0.047908,0.124090,calls/second,seconds
