t,count,max,mean,min,stddev,p50,p75,p95,p98,p99,p999,mean_rate,m1_rate,m5_rate,m15_rate,rate_unit,duration_unit
1519374973,20,13.837000,0.654302,0.321000,0.360978,0.408000,0.964000,0.990000,0.990000,0.990000,0.990000,0.024802,0.017486,0.062321,0.259458,calls/second,seconds
1519375873,20,7.487000,1.228270,0.335000,0.985779,0.784000,2.770000,2.770000,2.770000,2.770000,2.770000,0.024762,0.018296,0.062442,0.259470,calls/second,seconds
1519376773,20,0.805000,0.511479,0.332000,0.192493,0.340000,0.654000,0.781000,0.781000,0.781000,0.781000,0.024748,0.019005,0.062604,0.259501,calls/second,seconds
1519377673,20,22.244000,11.058515,0.317000,6.923153,14.604000,15.956000,16.041000,16.041000,16.041000,16.041000,0.025195,0.022596,0.036407,0.097423,calls/second,seconds
1519378573,20,8.878000,0.672496,0.301000,1.204479,0.400000,0.634000,0.702000,8.878000,8.878000,8.878000,0.024749,0.018692,0.062586,0.259500,calls/second,seconds
1519379473,20,0.876000,0.534120,0.316000,0.212583,0.346000,0.757000,0.781000,0.781000,0.781000,0.796000,0.024748,0.018988,0.062581,0.259497,calls/second,seconds
1519380373,20,0.852000,0.469790,0.295000,0.128619,0.386000,0.568000,0.638000,0.638000,0.638000,0.705000,0.024746,0.018297,0.062448,0.259471,calls/second,seconds
