t,count,max,mean,min,stddev,p50,p75,p95,p98,p99,p999,mean_rate,m1_rate,m5_rate,m15_rate,rate_unit,duration_unit
1519241058,10,0.000000,0.000000,0.000000,0.000000,0.000000,0.000000,0.000000,0.000000,0.000000,0.000000,0.015854,0.062299,0.140237,0.504800,calls/second,seconds
1519241958,10,0.001000,0.000198,0.000000,0.000398,0.000000,0.000000,0.001000,0.001000,0.001000,0.001000,0.017682,0.001138,0.161586,0.540900,calls/second,seconds
1519242858,20,0.001000,0.000395,0.000000,0.000489,0.000000,0.001000,0.001000,0.001000,0.001000,0.001000,0.023108,0.001057,0.067560,0.394013,calls/second,seconds
