t,count,max,mean,min,stddev,p50,p75,p95,p98,p99,p999,mean_rate,m1_rate,m5_rate,m15_rate,rate_unit,duration_unit
1515094161,1,0.000000,0.000000,0.000000,0.000000,0.000000,0.000000,0.000000,0.000000,0.000000,0.000000,0.008755,0.034755,0.140938,0.177976,calls/second,seconds
1515100461,1,0.000000,0.000000,0.000000,0.000000,0.000000,0.000000,0.000000,0.000000,0.000000,0.000000,0.001244,0.000000,0.014130,0.082681,calls/second,seconds
1515104961,29,0.001000,0.000648,0.000000,0.000478,0.001000,0.001000,0.001000,0.001000,0.001000,0.001000,0.169493,0.094449,0.399215,0.523960,calls/second,seconds
1515158061,1,0.000000,0.000000,0.000000,0.000000,0.000000,0.000000,0.000000,0.000000,0.000000,0.000000,0.017958,0.086920,0.169296,0.189192,calls/second,seconds
1515158961,116,0.005000,0.000389,0.000000,0.000818,0.000000,0.001000,0.001000,0.005000,0.005000,0.005000,0.148558,0.005245,0.104127,0.159919,calls/second,seconds
