t,count,max,mean,min,stddev,p50,p75,p95,p98,p99,p999,mean_rate,m1_rate,m5_rate,m15_rate,rate_unit,duration_unit
1515104961,8,0.004000,0.001000,0.000000,0.001323,0.001000,0.002000,0.004000,0.004000,0.004000,0.004000,0.035825,0.044453,0.781404,1.260004,calls/second,seconds
1515170661,144,0.003000,0.000448,0.000000,0.000621,0.000000,0.001000,0.002000,0.002000,0.002000,0.002000,0.294592,0.286325,0.610308,1.067684,calls/second,seconds
1515194961,8,0.002000,0.000875,0.000000,0.000599,0.001000,0.001000,0.002000,0.002000,0.002000,0.002000,0.028301,0.016353,0.639759,1.178742,calls/second,seconds
1519316658,32,0.001000,0.000336,0.000000,0.000472,0.000000,0.001000,0.001000,0.001000,0.001000,0.001000,0.039607,0.000004,0.117305,0.669105,calls/second,seconds
