t,count,max,mean,min,stddev,p50,p75,p95,p98,p99,p999,mean_rate,m1_rate,m5_rate,m15_rate,rate_unit,duration_unit
1515781585,13,0.001000,0.000539,0.000000,0.000499,0.001000,0.001000,0.001000,0.001000,0.001000,0.001000,0.041795,0.016118,0.940677,1.852660,calls/second,seconds
