t,count,max,mean,min,stddev,p50,p75,p95,p98,p99,p999,mean_rate,m1_rate,m5_rate,m15_rate,rate_unit,duration_unit
1519664145,678,4.370000,0.247766,0.000000,0.553200,0.006000,0.065000,1.853000,1.853000,1.853000,1.922000,0.951032,0.084434,1.155938,4.133267,calls/second,seconds
