t,count,max,mean,min,stddev,p50,p75,p95,p98,p99,p999,mean_rate,m1_rate,m5_rate,m15_rate,rate_unit,duration_unit
1513703373,15,0.394000,0.106035,0.064000,0.078957,0.082000,0.094000,0.394000,0.394000,0.394000,0.394000,0.025407,0.000175,0.426822,1.566137,calls/second,seconds
