t,count,max,mean,min,stddev,p50,p75,p95,p98,p99,p999,mean_rate,m1_rate,m5_rate,m15_rate,rate_unit,duration_unit
1519249158,1,0.000000,0.000000,0.000000,0.000000,0.000000,0.000000,0.000000,0.000000,0.000000,0.000000,0.001511,0.000004,0.022533,0.096596,calls/second,seconds
1519264458,105,0.001000,0.000033,0.000000,0.000178,0.000000,0.000000,0.000000,0.001000,0.001000,0.001000,0.386765,0.441903,0.323046,0.250729,calls/second,seconds
1519265358,3,0.000000,0.000000,0.000000,0.000000,0.000000,0.000000,0.000000,0.000000,0.000000,0.000000,0.003343,0.000000,0.030885,0.223194,calls/second,seconds
