t,count,max,mean,min,stddev,p50,p75,p95,p98,p99,p999,mean_rate,m1_rate,m5_rate,m15_rate,rate_unit,duration_unit
1513089954,242,0.002000,0.000011,0.000000,0.000136,0.000000,0.000000,0.000000,0.000000,0.000000,0.002000,0.405351,0.000650,1.297266,4.579969,calls/second,seconds
