t,count,max,mean,min,stddev,p50,p75,p95,p98,p99,p999,mean_rate,m1_rate,m5_rate,m15_rate,rate_unit,duration_unit
1513703373,15,0.016000,0.005318,0.003000,0.003121,0.004000,0.005000,0.016000,0.016000,0.016000,0.016000,0.025389,0.000175,0.426822,1.566137,calls/second,seconds
1513705173,1,0.007000,0.007000,0.007000,0.000000,0.007000,0.007000,0.007000,0.007000,0.007000,0.007000,0.001389,0.000001,0.018759,0.090870,calls/second,seconds
1513708773,8,0.010000,0.007620,0.007000,0.000993,0.007000,0.008000,0.010000,0.010000,0.010000,0.010000,0.012642,0.000048,0.199223,0.798963,calls/second,seconds
