t,count,max,mean,min,stddev,p50,p75,p95,p98,p99,p999,mean_rate,m1_rate,m5_rate,m15_rate,rate_unit,duration_unit
1519374973,120,13.837000,0.113858,0.000000,0.283177,0.004000,0.021000,0.964000,0.990000,0.990000,0.990000,0.148796,0.104916,0.373940,1.556756,calls/second,seconds
1519375873,120,7.487000,0.209352,0.000000,0.607991,0.003000,0.020000,0.784000,2.770000,2.770000,2.770000,0.148571,0.109775,0.374654,1.556822,calls/second,seconds
1519376773,120,0.805000,0.089347,0.000000,0.204598,0.003000,0.020000,0.654000,0.781000,0.781000,0.781000,0.148485,0.114031,0.375622,1.557008,calls/second,seconds
1519377673,203,22.244000,1.846041,0.000000,4.994053,0.003000,0.020000,15.956000,16.041000,16.041000,16.041000,0.255722,0.135618,0.252732,0.630520,calls/second,seconds
1519378573,120,8.878000,0.116462,0.000000,0.551025,0.003000,0.019000,0.562000,0.634000,0.634000,8.878000,0.148489,0.113497,0.375686,1.557025,calls/second,seconds
1519379473,120,0.876000,0.093352,0.000000,0.215481,0.003000,0.019000,0.757000,0.781000,0.781000,0.781000,0.148484,0.113997,0.375576,1.556999,calls/second,seconds
1519380373,283,0.852000,0.038770,0.000000,0.124526,0.000000,0.004000,0.386000,0.568000,0.638000,0.638000,0.350139,0.252694,0.636733,1.696926,calls/second,seconds
