t,count,max,mean,min,stddev,p50,p75,p95,p98,p99,p999,mean_rate,m1_rate,m5_rate,m15_rate,rate_unit,duration_unit
1516971447,60,0.003000,0.000265,0.000000,0.000540,0.000000,0.000000,0.001000,0.001000,0.003000,0.003000,0.115371,0.002246,2.155968,6.771241,calls/second,seconds
