t,count,max,mean,min,stddev,p50,p75,p95,p98,p99,p999,mean_rate,m1_rate,m5_rate,m15_rate,rate_unit,duration_unit
1519381976,29,0.001000,0.000397,0.000000,0.000489,0.000000,0.001000,0.001000,0.001000,0.001000,0.001000,0.042265,0.000693,0.203426,0.859438,calls/second,seconds
1519386476,9,0.001000,0.000111,0.000000,0.000314,0.000000,0.000000,0.001000,0.001000,0.001000,0.001000,0.038063,0.038947,0.836206,1.394075,calls/second,seconds
1519388276,1,0.001000,0.001000,0.001000,0.000000,0.001000,0.001000,0.001000,0.001000,0.001000,0.001000,0.001247,0.000000,0.014130,0.082681,calls/second,seconds
1519390076,9,0.001000,0.000223,0.000000,0.000416,0.000000,0.000000,0.001000,0.001000,0.001000,0.001000,0.010777,0.000002,0.113168,0.715742,calls/second,seconds
