t,count,max,mean,min,stddev,p50,p75,p95,p98,p99,p999,mean_rate,m1_rate,m5_rate,m15_rate,rate_unit,duration_unit
1515094161,60,0.117000,0.002644,0.000000,0.015070,0.000000,0.001000,0.002000,0.026000,0.117000,0.117000,0.297874,0.465290,6.264549,9.662380,calls/second,seconds
