t,count,max,mean,min,stddev,p50,p75,p95,p98,p99,p999,mean_rate,m1_rate,m5_rate,m15_rate,rate_unit,duration_unit
1519377673,2,0.006000,0.004500,0.003000,0.001500,0.006000,0.006000,0.006000,0.006000,0.006000,0.006000,0.003173,0.000012,0.049806,0.199741,calls/second,seconds
1519380373,2,0.004000,0.003000,0.002000,0.001000,0.004000,0.004000,0.004000,0.004000,0.004000,0.004000,0.011500,0.025571,0.230780,0.332996,calls/second,seconds
