t,count,max,mean,min,stddev,p50,p75,p95,p98,p99,p999,mean_rate,m1_rate,m5_rate,m15_rate,rate_unit,duration_unit
1516041169,20,0.004000,0.003000,0.003000,0.000002,0.003000,0.003000,0.003000,0.003000,0.003000,0.003000,0.024082,0.012249,0.044970,0.172866,calls/second,seconds
1516042069,8,0.003000,0.002723,0.002000,0.000447,0.003000,0.003000,0.003000,0.003000,0.003000,0.003000,0.009603,0.000002,0.027574,0.163012,calls/second,seconds
