t,count,max,mean,min,stddev,p50,p75,p95,p98,p99,p999,mean_rate,m1_rate,m5_rate,m15_rate,rate_unit,duration_unit
1519388276,2,0.001000,0.000500,0.000000,0.000500,0.001000,0.001000,0.001000,0.001000,0.001000,0.001000,0.002577,0.000001,0.030716,0.170019,calls/second,seconds
