t,count,max,mean,min,stddev,p50,p75,p95,p98,p99,p999,mean_rate,m1_rate,m5_rate,m15_rate,rate_unit,duration_unit
1515084261,4,45.668000,41.312530,17.665000,5.165630,42.080000,45.668000,45.668000,45.668000,45.668000,45.668000,0.005547,0.000005,0.019957,0.092141,calls/second,seconds
1515759261,1,10.716000,10.716000,10.716000,0.000000,10.716000,10.716000,10.716000,10.716000,10.716000,10.716000,0.002382,0.000215,0.050991,0.126819,calls/second,seconds
