t,count,max,mean,min,stddev,p50,p75,p95,p98,p99,p999,mean_rate,m1_rate,m5_rate,m15_rate,rate_unit,duration_unit
1519661541,1,0.060000,0.060000,0.060000,0.000000,0.060000,0.060000,0.060000,0.060000,0.060000,0.060000,0.001692,0.000012,0.028455,0.104409,calls/second,seconds
