t,count,max,mean,min,stddev,p50,p75,p95,p98,p99,p999,mean_rate,m1_rate,m5_rate,m15_rate,rate_unit,duration_unit
1515773497,1,10.371000,10.371000,10.371000,0.000000,10.371000,10.371000,10.371000,10.371000,10.371000,10.371000,0.001455,0.000002,0.020731,0.093950,calls/second,seconds
1517882958,1,12.991000,12.991000,12.991000,0.000000,12.991000,12.991000,12.991000,12.991000,12.991000,12.991000,0.001833,0.000025,0.033060,0.109762,calls/second,seconds
1518206958,1,19.658000,19.658000,19.658000,0.000000,19.658000,19.658000,19.658000,19.658000,19.658000,19.658000,0.001856,0.000029,0.034180,0.110989,calls/second,seconds
1519081758,1,10.765000,10.765000,10.765000,0.000000,10.765000,10.765000,10.765000,10.765000,10.765000,10.765000,0.001826,0.000025,0.033060,0.109762,calls/second,seconds
