t,count,max,mean,min,stddev,p50,p75,p95,p98,p99,p999,mean_rate,m1_rate,m5_rate,m15_rate,rate_unit,duration_unit
1515094161,2,0.000000,0.000000,0.000000,0.000000,0.000000,0.000000,0.000000,0.000000,0.000000,0.000000,0.009762,0.010534,0.106739,0.162026,calls/second,seconds
1515100461,2,0.000000,0.000000,0.000000,0.000000,0.000000,0.000000,0.000000,0.000000,0.000000,0.000000,0.002283,0.000000,0.011234,0.076525,calls/second,seconds
1515104961,3,0.001000,0.000925,0.000000,0.000264,0.001000,0.001000,0.001000,0.001000,0.001000,0.001000,0.012912,0.021717,0.099686,0.157791,calls/second,seconds
1515154461,1,0.001000,0.001000,0.001000,0.000000,0.001000,0.001000,0.001000,0.001000,0.001000,0.001000,0.001785,0.000019,0.031447,0.107948,calls/second,seconds
1515158061,1,0.000000,0.000000,0.000000,0.000000,0.000000,0.000000,0.000000,0.000000,0.000000,0.000000,0.010232,0.044626,0.148164,0.180967,calls/second,seconds
1515158961,7,0.001000,0.000054,0.000000,0.000226,0.000000,0.000000,0.001000,0.001000,0.001000,0.001000,0.008953,0.000164,0.019337,0.088421,calls/second,seconds
1515509061,1,0.000000,0.000000,0.000000,0.000000,0.000000,0.000000,0.000000,0.000000,0.000000,0.000000,0.001262,0.000000,0.014609,0.083604,calls/second,seconds
1515531561,1,0.000000,0.000000,0.000000,0.000000,0.000000,0.000000,0.000000,0.000000,0.000000,0.000000,0.002754,0.000539,0.061251,0.134811,calls/second,seconds
