t,count,max,mean,min,stddev,p50,p75,p95,p98,p99,p999,mean_rate,m1_rate,m5_rate,m15_rate,rate_unit,duration_unit
1519232958,8,0.001000,0.000500,0.000000,0.000500,0.001000,0.001000,0.001000,0.001000,0.001000,0.001000,0.034792,0.022731,0.391033,0.630061,calls/second,seconds
1519233858,28,0.001000,0.000119,0.000000,0.000323,0.000000,0.000000,0.001000,0.001000,0.001000,0.001000,0.051928,0.000234,0.152330,0.459415,calls/second,seconds
1519258158,28,0.000000,0.000000,0.000000,0.000000,0.000000,0.000000,0.000000,0.000000,0.000000,0.000000,0.043866,0.000041,0.108837,0.410974,calls/second,seconds
1519259058,28,0.001000,0.000115,0.000000,0.000319,0.000000,0.000000,0.001000,0.001000,0.001000,0.001000,0.031534,0.000001,0.047406,0.311376,calls/second,seconds
1519263558,28,0.000000,0.000000,0.000000,0.000000,0.000000,0.000000,0.000000,0.000000,0.000000,0.000000,0.047447,0.000088,0.126493,0.432059,calls/second,seconds
1519314858,28,0.001000,0.000152,0.000000,0.000359,0.000000,0.000000,0.001000,0.001000,0.001000,0.001000,0.061690,0.000920,0.201871,0.504824,calls/second,seconds
1519316658,16,0.001000,0.000085,0.000000,0.000278,0.000000,0.000000,0.001000,0.001000,0.001000,0.001000,0.019681,0.000002,0.057617,0.332657,calls/second,seconds
