t,count,max,mean,min,stddev,p50,p75,p95,p98,p99,p999,mean_rate,m1_rate,m5_rate,m15_rate,rate_unit,duration_unit
1519241058,12,1.519000,0.496703,0.001000,0.702053,0.002000,1.492000,1.492000,1.492000,1.492000,1.492000,0.017808,0.037447,0.099369,0.388367,calls/second,seconds
1519241958,15,1.515000,0.008331,0.000000,0.108539,0.001000,0.001000,0.001000,0.001000,0.001000,1.515000,0.024164,0.064628,0.122407,0.413239,calls/second,seconds
1519242858,13,1.493000,0.498015,0.001000,0.702920,0.001000,1.493000,1.493000,1.493000,1.493000,1.493000,0.014912,0.000634,0.018168,0.083428,calls/second,seconds
1519662441,4,0.001000,0.001000,0.001000,0.000000,0.001000,0.001000,0.001000,0.001000,0.001000,0.001000,0.005279,0.000003,0.065668,0.347679,calls/second,seconds
