t,count,max,mean,min,stddev,p50,p75,p95,p98,p99,p999,mean_rate,m1_rate,m5_rate,m15_rate,rate_unit,duration_unit
1516971447,9,0.015000,0.008517,0.000000,0.004138,0.008000,0.010000,0.015000,0.015000,0.015000,0.015000,0.017282,0.000337,0.323395,1.015686,calls/second,seconds
1517223447,1,0.000000,0.000000,0.000000,0.000000,0.000000,0.000000,0.000000,0.000000,0.000000,0.000000,0.003838,0.002853,0.085483,0.150654,calls/second,seconds
