t,count,max,mean,min,stddev,p50,p75,p95,p98,p99,p999,mean_rate,m1_rate,m5_rate,m15_rate,rate_unit,duration_unit
1519661541,94,0.001000,0.000256,0.000000,0.000436,0.000000,0.001000,0.001000,0.001000,0.001000,0.001000,0.139616,0.018928,0.481787,1.955558,calls/second,seconds
1519662441,8,0.001000,0.000017,0.000000,0.000128,0.000000,0.000000,0.000000,0.000000,0.001000,0.001000,0.009720,0.000002,0.015562,0.084446,calls/second,seconds
