t,count,max,mean,min,stddev,p50,p75,p95,p98,p99,p999,mean_rate,m1_rate,m5_rate,m15_rate,rate_unit,duration_unit
1516971447,2,0.002000,0.001500,0.001000,0.000500,0.002000,0.002000,0.002000,0.002000,0.002000,0.002000,0.004267,0.000187,0.086326,0.239931,calls/second,seconds
1517224347,2,0.001000,0.000500,0.000000,0.000500,0.001000,0.001000,0.001000,0.001000,0.001000,0.001000,0.002865,0.000004,0.040104,0.185824,calls/second,seconds
