t,count,max,mean,min,stddev,p50,p75,p95,p98,p99,p999,mean_rate,m1_rate,m5_rate,m15_rate,rate_unit,duration_unit
1515116661,2,0.307000,0.206008,0.108000,0.099489,0.108000,0.307000,0.307000,0.307000,0.307000,0.307000,0.008046,0.007326,0.179732,0.306371,calls/second,seconds
1515158961,2,0.443000,0.320323,0.192000,0.125468,0.443000,0.443000,0.443000,0.443000,0.443000,0.443000,0.003596,0.000042,0.063952,0.217099,calls/second,seconds
1515159861,2,0.127000,0.120403,0.114000,0.006499,0.114000,0.127000,0.127000,0.127000,0.127000,0.127000,0.007884,0.006740,0.176761,0.304674,calls/second,seconds
1515169761,2,0.124000,0.103193,0.083000,0.020498,0.083000,0.124000,0.124000,0.124000,0.124000,0.124000,0.003293,0.000018,0.054134,0.205367,calls/second,seconds
1515195861,2,0.181000,0.167196,0.154000,0.013497,0.154000,0.181000,0.181000,0.181000,0.181000,0.181000,0.002509,0.000001,0.028735,0.166282,calls/second,seconds
