t,count,max,mean,min,stddev,p50,p75,p95,p98,p99,p999,mean_rate,m1_rate,m5_rate,m15_rate,rate_unit,duration_unit
1515094161,1,0.003000,0.003000,0.003000,0.000000,0.003000,0.003000,0.003000,0.003000,0.003000,0.003000,0.005278,0.009957,0.109762,0.163746,calls/second,seconds
1515100461,2,0.000000,0.000000,0.000000,0.000000,0.000000,0.000000,0.000000,0.000000,0.000000,0.000000,0.002305,0.000000,0.011704,0.077432,calls/second,seconds
1515104961,1,0.000000,0.000000,0.000000,0.000000,0.000000,0.000000,0.000000,0.000000,0.000000,0.000000,0.003651,0.002415,0.082681,0.148989,calls/second,seconds
1515154461,1,0.000000,0.000000,0.000000,0.000000,0.000000,0.000000,0.000000,0.000000,0.000000,0.000000,0.001809,0.000023,0.032513,0.109154,calls/second,seconds
1515158061,1,0.000000,0.000000,0.000000,0.000000,0.000000,0.000000,0.000000,0.000000,0.000000,0.000000,0.011279,0.052719,0.153186,0.182989,calls/second,seconds
1515509061,1,0.000000,0.000000,0.000000,0.000000,0.000000,0.000000,0.000000,0.000000,0.000000,0.000000,0.001282,0.000000,0.015104,0.084538,calls/second,seconds
1515531561,1,0.001000,0.001000,0.001000,0.000000,0.001000,0.001000,0.001000,0.001000,0.001000,0.001000,0.002819,0.000637,0.063327,0.136317,calls/second,seconds
