t,count,max,mean,min,stddev,p50,p75,p95,p98,p99,p999,mean_rate,m1_rate,m5_rate,m15_rate,rate_unit,duration_unit
1519232958,4,0.001000,0.000504,0.000000,0.000500,0.001000,0.001000,0.001000,0.001000,0.001000,0.001000,0.017520,0.011320,0.195488,0.315025,calls/second,seconds
1519233858,14,0.001000,0.000166,0.000000,0.000372,0.000000,0.000000,0.001000,0.001000,0.001000,0.001000,0.025967,0.000117,0.076175,0.229711,calls/second,seconds
1519258158,14,0.001000,0.000117,0.000000,0.000322,0.000000,0.000000,0.001000,0.001000,0.001000,0.001000,0.021936,0.000021,0.054418,0.205487,calls/second,seconds
1519259058,14,0.001000,0.000406,0.000000,0.000491,0.000000,0.001000,0.001000,0.001000,0.001000,0.001000,0.015768,0.000000,0.023709,0.155693,calls/second,seconds
1519263558,14,0.001000,0.000116,0.000000,0.000320,0.000000,0.000000,0.001000,0.001000,0.001000,0.001000,0.023726,0.000044,0.063255,0.216033,calls/second,seconds
1519314858,14,0.001000,0.000170,0.000000,0.000375,0.000000,0.000000,0.001000,0.001000,0.001000,0.001000,0.030849,0.000460,0.100936,0.252412,calls/second,seconds
1519316658,4,0.001000,0.000270,0.000000,0.000444,0.000000,0.001000,0.001000,0.001000,0.001000,0.001000,0.004921,0.000000,0.014404,0.083164,calls/second,seconds
