t,count,max,mean,min,stddev,p50,p75,p95,p98,p99,p999,mean_rate,m1_rate,m5_rate,m15_rate,rate_unit,duration_unit
1519381976,15,0.005000,0.002728,0.002000,0.000768,0.003000,0.003000,0.005000,0.005000,0.005000,0.005000,0.021922,0.000039,0.316198,1.417100,calls/second,seconds
1519388276,1,0.003000,0.003000,0.003000,0.000000,0.003000,0.003000,0.003000,0.003000,0.003000,0.003000,0.001247,0.000000,0.014130,0.082681,calls/second,seconds
