t,count,max,mean,min,stddev,p50,p75,p95,p98,p99,p999,mean_rate,m1_rate,m5_rate,m15_rate,rate_unit,duration_unit
1515094161,30,0.117000,0.003974,0.000000,0.020732,0.000000,0.000000,0.001000,0.117000,0.117000,0.117000,0.149019,0.232645,3.132275,4.831190,calls/second,seconds
