t,count,max,mean,min,stddev,p50,p75,p95,p98,p99,p999,mean_rate,m1_rate,m5_rate,m15_rate,rate_unit,duration_unit
1519237458,1,0.296000,0.296000,0.296000,0.000000,0.296000,0.296000,0.296000,0.296000,0.296000,0.296000,0.002455,0.000255,0.052719,0.128236,calls/second,seconds
