t,count,max,mean,min,stddev,p50,p75,p95,p98,p99,p999,mean_rate,m1_rate,m5_rate,m15_rate,rate_unit,duration_unit
1519237458,6,1.300000,0.034773,0.019000,0.123386,0.022000,0.023000,0.023000,0.023000,0.058000,1.300000,0.015188,0.004504,0.115327,0.262747,calls/second,seconds
1519242858,3,1.551000,0.038348,0.022000,0.150837,0.022000,0.022000,0.022000,0.058000,0.058000,1.551000,0.003767,0.000005,0.015339,0.084294,calls/second,seconds
