t,count,max,mean,min,stddev,p50,p75,p95,p98,p99,p999,mean_rate,m1_rate,m5_rate,m15_rate,rate_unit,duration_unit
1519237458,87,0.760000,0.010196,0.001000,0.075321,0.002000,0.002000,0.003000,0.003000,0.650000,0.760000,0.197405,0.012014,0.136968,0.187911,calls/second,seconds
1519239258,1,0.734000,0.734000,0.734000,0.000000,0.734000,0.734000,0.734000,0.734000,0.734000,0.734000,0.001674,0.000011,0.027984,0.103831,calls/second,seconds
1519241058,7,29.118000,12.756564,0.002000,8.223599,11.323000,17.625000,29.118000,29.118000,29.118000,29.118000,0.010975,0.000339,0.029837,0.103523,calls/second,seconds
1519241958,6,0.756000,0.501200,0.002000,0.326963,0.671000,0.756000,0.756000,0.756000,0.756000,0.756000,0.010476,0.012018,0.038969,0.110982,calls/second,seconds
1519242858,6,21.127000,8.253679,0.002000,10.027860,0.716000,21.127000,21.127000,21.127000,21.127000,21.127000,0.006882,0.027478,0.020407,0.080548,calls/second,seconds
1519244658,1,7.655000,7.655000,7.655000,0.000000,7.655000,7.655000,7.655000,7.655000,7.655000,7.655000,0.002380,0.000198,0.050148,0.126117,calls/second,seconds
1519662441,3,0.716000,0.522089,0.005000,0.306703,0.691000,0.716000,0.716000,0.716000,0.716000,0.716000,0.005512,0.000033,0.034803,0.111624,calls/second,seconds
