t,count,max,mean,min,stddev,p50,p75,p95,p98,p99,p999,mean_rate,m1_rate,m5_rate,m15_rate,rate_unit,duration_unit
1519237458,6,0.004000,0.001810,0.000000,0.001566,0.001000,0.004000,0.004000,0.004000,0.004000,0.004000,0.040545,0.116366,0.752507,1.027127,calls/second,seconds
1519241058,28,14.906000,2.934390,0.000000,5.427186,0.537000,1.666000,14.718000,14.906000,14.906000,14.906000,0.057449,0.001477,0.302760,0.836628,calls/second,seconds
1519241958,18,7.058000,0.279349,0.000000,0.555116,0.001000,0.569000,0.609000,0.609000,0.609000,7.058000,0.022287,0.000013,0.101866,0.581586,calls/second,seconds
1519242858,29,5.924000,0.257493,0.000000,0.358495,0.001000,0.586000,0.588000,0.588000,0.588000,5.924000,0.033722,0.103227,0.114576,0.561457,calls/second,seconds
1519243758,8,0.143000,0.057601,0.017000,0.054137,0.028000,0.143000,0.143000,0.143000,0.143000,0.143000,0.008893,0.000000,0.011702,0.077443,calls/second,seconds
