t,count,max,mean,min,stddev,p50,p75,p95,p98,p99,p999,mean_rate,m1_rate,m5_rate,m15_rate,rate_unit,duration_unit
1519237458,6,0.011000,0.003315,0.001000,0.003334,0.002000,0.003000,0.011000,0.011000,0.011000,0.011000,0.014180,0.000651,0.153016,0.380469,calls/second,seconds
1519241058,3,0.002000,0.001333,0.001000,0.000471,0.001000,0.002000,0.002000,0.002000,0.002000,0.002000,0.004834,0.000021,0.077241,0.302959,calls/second,seconds
1519241958,3,0.009000,0.006667,0.002000,0.003300,0.009000,0.009000,0.009000,0.009000,0.009000,0.009000,0.035617,0.171903,0.467280,0.552027,calls/second,seconds
1519242858,3,0.009000,0.006667,0.002000,0.003300,0.009000,0.009000,0.009000,0.009000,0.009000,0.009000,0.108426,0.429919,0.561304,0.586814,calls/second,seconds
1519662441,3,0.009000,0.005010,0.003000,0.002832,0.003000,0.009000,0.009000,0.009000,0.009000,0.009000,0.005766,0.000112,0.107798,0.338562,calls/second,seconds
