t,count,max,mean,min,stddev,p50,p75,p95,p98,p99,p999,mean_rate,m1_rate,m5_rate,m15_rate,rate_unit,duration_unit
1519237458,2,0.175000,0.054330,0.006000,0.076368,0.006000,0.175000,0.175000,0.175000,0.175000,0.175000,0.004752,0.000241,0.051161,0.126863,calls/second,seconds
1519241058,1,0.000000,0.000000,0.000000,0.000000,0.000000,0.000000,0.000000,0.000000,0.000000,0.000000,0.001615,0.000008,0.026180,0.101549,calls/second,seconds
1519241958,1,0.001000,0.001000,0.001000,0.000000,0.001000,0.001000,0.001000,0.001000,0.001000,0.001000,0.012122,0.057301,0.155760,0.184009,calls/second,seconds
1519242858,1,0.001000,0.001000,0.001000,0.000000,0.001000,0.001000,0.001000,0.001000,0.001000,0.001000,0.038189,0.143306,0.187101,0.195605,calls/second,seconds
1519662441,1,0.131000,0.131000,0.131000,0.000000,0.131000,0.131000,0.131000,0.131000,0.131000,0.131000,0.001933,0.000041,0.036537,0.113483,calls/second,seconds
