t,count,max,mean,min,stddev,p50,p75,p95,p98,p99,p999,mean_rate,m1_rate,m5_rate,m15_rate,rate_unit,duration_unit
1519237458,106,0.050000,0.000898,0.000000,0.000680,0.001000,0.001000,0.001000,0.001000,0.001000,0.001000,0.239260,0.121007,0.264080,0.336220,calls/second,seconds
1519241058,46,0.005000,0.001060,0.000000,0.000978,0.001000,0.001000,0.005000,0.005000,0.005000,0.005000,0.072053,0.108679,0.142608,0.333388,calls/second,seconds
1519241958,36,0.010000,0.000760,0.000000,0.000427,0.001000,0.001000,0.001000,0.001000,0.001000,0.001000,0.040585,0.068501,0.067791,0.175731,calls/second,seconds
1519242858,226,0.001000,0.000658,0.000000,0.000474,0.001000,0.001000,0.001000,0.001000,0.001000,0.001000,0.259088,0.339769,0.205401,0.366740,calls/second,seconds
1519662441,16,0.009000,0.001692,0.001000,0.001588,0.001000,0.002000,0.002000,0.009000,0.009000,0.009000,0.029234,0.000094,0.074527,0.228309,calls/second,seconds
